region,unit_price_kron,units_sold,discount_frac,revenue_kron
Aurelia,8.71,0,0.18,0.0
Borvik,7.12,0,0.293,0.0
Borvik,29.29,4,0.639,42.29
Aurelia,15.91,1,0.244,12.03
Cyndara,41.56,8,0.283,238.39
Aurelia,87.39,4,0.383,215.68
Aurelia,58.87,4,0.291,166.96
Aurelia,61.72,5,0.214,242.56
Aurelia,9.45,2,0.016,18.6
Borvik,127.17,15,0.264,1403.96
Cyndara,26.14,3,0.474,41.25
Aurelia,30.37,4,0.311,83.7
Cyndara,40.88,7,0.36,183.14
Borvik,16.14,0,0.382,0.0
Drostal,45.98,5,0.152,194.96
Aurelia,31.96,2,0.201,51.07
Aurelia,59.71,3,,98.7
Cyndara,91.85,9,0.156,697.69
Aurelia,27.21,4,0.55,48.98
Borvik,97.91,9,0.098,794.83
Aurelia,22.96,3,0.152,58.41
Aurelia,47.35,2,0.18,77.65
Aurelia,51.28,4,0.712,59.07
Aurelia,54.63,3,0.202,130.78
Drostal,14.28,2,0.21,22.56
Drostal,22.51,1,0.118,19.85
Aurelia,33.29,2,0.018,65.38
Cyndara,107.2,6,0.006,639.34
Aurelia,53.27,7,0.128,325.16
Aurelia,26.73,2,0.172,44.26
Drostal,38.39,2,0.446,42.54
Borvik,91.99,14,0.251,964.61
Borvik,93.42,7,0.414,383.21
Aurelia,11.66,3,0.371,22.0
Aurelia,19.75,1,0.367,12.5
Aurelia,21.94,2,0.454,23.96
Cyndara,70.18,9,0.276,457.29
Drostal,85.87,6,0.229,397.23
Borvik,36.97,7,0.06,243.26
Aurelia,19.06,0,,0.0
Aurelia,62.1,3,0.32,126.68
Aurelia,37.94,3,0.636,41.43
Borvik,67.75,5,0.395,204.94
Aurelia,70.08,8,0.607,220.33
Cyndara,60.7,1,0.212,47.83
Borvik,6.47,1,0.177,5.32
Borvik,4.74,1,0.599,1.9
Cyndara,3.08,0,0.484,0.0
Drostal,85.73,9,0.327,519.27
Cyndara,50.92,3,0.265,112.28
Borvik,149.49,20,0.63,1106.23
Aurelia,78.43,4,0.061,294.58
Aurelia,73.09,5,0.154,309.17
Aurelia,11.05,1,0.365,7.02
Cyndara,34.55,4,0.457,75.04
Aurelia,4.86,0,0.178,0.0
Aurelia,63.39,5,0.311,218.38
Borvik,10.4,1,0.364,6.61
Aurelia,30.31,8,0.356,156.16
Aurelia,21.52,2,0.114,38.13
Aurelia,35.6,4,0.087,130.01
Cyndara,120.34,12,0.031,1399.31
Cyndara,31.77,1,0.178,26.11
Cyndara,38.94,5,0.111,173.09
Aurelia,30.08,2,0.15,51.14
Cyndara,35.96,4,0.605,56.82
Borvik,75.05,9,0.298,474.17
Aurelia,31.54,1,0.163,26.4
Borvik,37.69,5,,167.34
Aurelia,37.03,4,0.562,64.88
Borvik,106.05,10,0.184,865.37
Cyndara,86.72,9,0.137,673.55
Drostal,53.28,3,0.095,144.66
Aurelia,24.08,1,0.081,22.13
Aurelia,97.11,9,0.337,579.46
Borvik,5.05,0,0.304,0.0
Aurelia,55.24,5,0.476,144.73
Borvik,76.88,7,0.469,285.76
Drostal,35.45,9,0.191,258.11
Cyndara,19.34,4,0.357,49.74
Aurelia,41.31,3,0.414,72.62
Borvik,37.06,4,0.438,83.31
Borvik,29.3,3,0.364,55.9
Borvik,65.87,2,0.355,84.97
Drostal,79.52,3,0.224,185.12
Aurelia,168.13,10,0.278,1213.9
Borvik,51.09,5,0.209,202.06
Aurelia,24.48,2,0.126,42.79
Aurelia,55.5,5,0.63,102.68
Aurelia,96.53,5,0.352,312.76
Drostal,37.66,5,0.389,115.05
Aurelia,65.55,5,0.112,291.04
Aurelia,10.28,1,0.191,8.32
Borvik,38.73,5,0.053,183.39
Borvik,10.71,0,0.087,0.0
Drostal,101.32,11,0.275,808.03
Aurelia,32.59,4,0.178,107.16
Borvik,99.05,6,0.497,298.93
Drostal,38.1,2,,54.56
Aurelia,41.05,5,0.34,135.46
Borvik,26.26,3,0.605,31.12
Borvik,3.11,0,0.581,0.0
Drostal,32.04,2,0.368,40.5
Aurelia,24.54,5,0.224,95.22
Aurelia,64.44,7,0.08,414.99
Aurelia,27.8,3,0.346,54.54
Aurelia,49.25,5,0.296,173.36
Aurelia,34.84,2,0.115,61.67
Borvik,92.35,9,0.396,502.01
Aurelia,79.86,9,0.231,552.71
Cyndara,17.0,0,0.215,0.0
Borvik,73.62,4,0.753,72.74
Aurelia,58.34,7,0.176,336.51
Aurelia,112.16,8,0.121,788.71
Aurelia,23.41,1,0.351,15.19
Aurelia,9.66,1,0.369,6.1
Aurelia,25.58,5,0.503,63.57
Aurelia,80.43,10,0.121,706.98
Borvik,23.15,2,0.174,38.24
Borvik,26.63,5,0.238,101.46
Cyndara,77.58,9,0.243,528.55
Aurelia,53.58,5,0.382,165.56
Borvik,36.52,3,0.271,79.87
Aurelia,9.81,4,,37.63
Cyndara,77.23,6,0.41,273.39
Borvik,15.43,2,0.379,19.16
Drostal,72.3,12,,714.9
Cyndara,42.69,7,0.209,236.37
Aurelia,49.13,3,0.427,84.45
Drostal,40.47,4,0.436,91.3
Aurelia,71.67,6,0.05,408.52
Borvik,8.54,2,0.451,9.38
Borvik,40.73,4,0.118,143.7
Drostal,88.66,8,0.292,502.17
Borvik,45.34,4,0.287,129.31
Borvik,89.06,9,0.237,611.58
Aurelia,54.37,3,0.126,142.56
Cyndara,19.12,3,0.641,20.59
Cyndara,33.0,5,0.14,141.9
Borvik,93.94,15,0.069,1311.87
Cyndara,18.37,2,0.321,24.95
Aurelia,25.58,6,,98.07
Cyndara,78.54,5,0.209,310.63
Aurelia,17.38,1,0.155,14.69
Drostal,27.52,4,0.672,36.11
Drostal,19.75,3,0.085,54.21
Cyndara,19.23,0,0.264,0.0
Aurelia,57.61,5,0.452,157.85
Drostal,63.8,6,0.367,242.31
Aurelia,38.59,3,0.265,85.09
Drostal,26.08,3,0.147,66.74
Cyndara,62.01,5,0.456,168.67
Aurelia,55.65,3,0.124,146.25
Aurelia,30.42,8,,193.23
Aurelia,8.71,1,0.557,3.86
Aurelia,65.17,7,0.115,403.73
Aurelia,56.98,6,0.088,311.79
Cyndara,27.99,4,0.011,110.73
Aurelia,29.37,1,0.215,23.06
Borvik,75.86,3,0.298,159.76
Aurelia,44.96,4,0.402,107.54
Cyndara,20.03,6,0.193,96.99
Drostal,36.55,3,0.474,57.68
Cyndara,88.26,8,0.318,481.55
Aurelia,44.43,3,,120.36
Aurelia,52.78,5,0.297,185.52
Cyndara,56.14,6,0.2,269.47
Borvik,70.59,7,0.195,397.77
Borvik,4.19,0,0.332,0.0
Cyndara,24.23,3,0.537,33.66
Cyndara,6.01,0,0.203,0.0
Aurelia,19.13,1,0.402,11.44
Cyndara,150.05,15,0.348,1467.49
Cyndara,11.62,1,0.088,10.6
Aurelia,21.95,4,0.299,61.55
Cyndara,54.76,9,0.46,266.13
Aurelia,39.8,8,0.412,187.22
Aurelia,63.19,9,0.144,486.82
Cyndara,44.64,5,0.128,194.63
Borvik,60.86,4,0.492,123.67
Aurelia,47.19,6,0.09,257.66
Aurelia,0.95,0,0.207,0.0
Borvik,61.76,5,0.515,149.77
Aurelia,19.89,1,0.355,12.83
Borvik,216.0,22,0.08,4371.84
Aurelia,42.86,9,0.047,367.61
Aurelia,80.17,12,0.16,808.11
Aurelia,114.26,16,0.275,1325.42
Cyndara,19.0,2,0.216,29.79
Borvik,17.04,2,0.077,31.46
Drostal,18.66,1,0.278,13.47
Aurelia,55.48,6,0.078,306.92
Aurelia,9.01,0,0.41,0.0
Borvik,87.77,6,0.676,170.62
Borvik,44.86,5,0.247,168.9
Aurelia,67.33,4,0.135,232.96
Borvik,52.2,6,0.603,124.34
Aurelia,122.2,14,0.309,1182.16
Aurelia,49.96,6,0.153,253.9
Aurelia,44.84,4,0.487,92.01
Aurelia,41.4,5,0.07,192.51
Borvik,2.54,0,0.103,0.0
Aurelia,72.6,9,0.135,565.19
Aurelia,51.74,3,0.384,95.62
Borvik,47.65,8,0.517,184.12
Borvik,112.56,11,0.058,1166.35
Borvik,84.67,6,0.39,309.89
Aurelia,31.46,5,0.338,104.13
Borvik,51.8,2,0.412,60.92
Borvik,77.23,14,0.476,566.56
Aurelia,73.34,8,0.218,458.82
Cyndara,26.09,3,0.302,54.63
Drostal,24.41,3,0.128,63.86
Borvik,38.19,0,0.109,0.0
Cyndara,20.66,2,0.259,30.62
Drostal,41.35,4,0.167,137.78
Aurelia,6.92,0,0.62,0.0
Aurelia,6.37,3,0.262,14.1
Cyndara,100.97,13,0.238,1000.21
Cyndara,28.78,5,0.072,133.54
Aurelia,34.58,5,0.458,93.71
Aurelia,13.76,3,0.181,33.81
Drostal,46.38,2,0.45,51.02
Borvik,67.26,4,0.473,141.78
Borvik,62.02,5,0.3,217.07
Borvik,54.34,5,0.676,88.03
Borvik,144.98,18,0.443,1453.57
Aurelia,35.38,5,,141.87
Borvik,25.24,4,0.209,79.86
Aurelia,20.11,3,0.4,36.2
Cyndara,84.43,15,0.174,1046.09
Cyndara,18.48,4,0.5,36.96
Aurelia,71.17,8,0.04,546.59
Borvik,92.32,10,0.183,754.25
Cyndara,82.12,10,0.499,411.42
Cyndara,12.56,0,0.176,0.0
Borvik,87.62,11,0.295,679.49
Drostal,46.07,4,0.432,104.67
Aurelia,72.63,13,0.491,480.59
Cyndara,16.93,3,0.38,31.49
Aurelia,34.6,1,0.375,21.62
Borvik,39.51,1,0.256,29.4
Drostal,125.11,7,0.702,260.98
Cyndara,20.87,2,0.23,32.14
Cyndara,16.26,2,0.252,24.32
Drostal,46.65,8,0.216,292.59
Cyndara,88.66,4,0.073,328.75
Borvik,43.59,5,0.367,137.96
Aurelia,69.66,7,0.071,453.0
Cyndara,107.09,16,0.041,1643.19
Cyndara,47.0,5,0.317,160.51
Cyndara,52.25,1,,21.27
Aurelia,51.75,6,0.086,283.8
Cyndara,34.94,5,0.274,126.83
Borvik,33.07,2,0.599,26.52
Aurelia,53.31,6,,260.05
Cyndara,19.59,0,0.142,0.0
Drostal,45.63,4,0.324,123.38
Aurelia,43.86,4,0.192,141.76
Aurelia,110.64,11,0.196,978.5
Cyndara,73.53,7,0.323,348.46
Aurelia,62.99,6,0.245,285.34
Borvik,69.7,7,,274.69
Aurelia,53.18,8,0.073,394.38
Drostal,12.9,1,0.304,8.98
Borvik,30.74,2,0.574,26.19
Borvik,18.15,1,0.495,9.17
Cyndara,54.54,7,0.245,288.24
Drostal,45.22,6,0.171,224.92
Aurelia,58.55,6,0.095,317.93
Borvik,33.63,0,0.108,0.0
Cyndara,57.1,7,0.099,360.13
Drostal,14.56,3,0.332,29.18
Borvik,25.22,3,0.316,51.75
Borvik,62.04,5,0.399,186.43
Aurelia,68.07,8,0.443,303.32
Drostal,59.13,8,0.272,344.37
Borvik,135.9,19,0.254,1926.25
Cyndara,76.44,5,0.199,306.14
Borvik,20.2,1,0.162,16.93
Cyndara,28.24,1,0.159,23.75
Aurelia,68.36,3,0.167,170.83
Aurelia,17.71,3,0.327,35.76
Cyndara,88.5,7,0.295,436.75
Borvik,28.25,3,0.351,55.0
Aurelia,172.98,21,0.2,2906.06
Aurelia,99.1,11,0.144,933.13
Aurelia,24.4,1,0.12,21.47
Borvik,49.35,4,0.533,92.19
Aurelia,15.31,2,0.107,27.34
Borvik,40.12,4,0.159,134.96
Drostal,19.43,2,0.273,28.25
Cyndara,45.01,4,0.117,158.98
Borvik,17.89,0,0.309,0.0
Cyndara,52.96,5,0.083,242.82
Drostal,20.63,2,0.616,15.84
Aurelia,41.61,4,0.212,131.15
Borvik,43.07,5,0.64,77.53
Cyndara,56.43,6,0.452,185.54
Borvik,15.73,3,0.55,21.24
Aurelia,26.8,4,0.175,88.44
Cyndara,118.47,11,0.189,1056.87
Borvik,95.76,12,0.379,713.6
Drostal,59.8,4,0.016,235.37
Borvik,24.13,3,0.371,45.53
Drostal,83.7,9,,618.46
Aurelia,27.31,2,0.117,48.23
Borvik,46.64,5,0.141,200.32
Aurelia,50.03,8,0.231,307.78
Aurelia,21.28,4,0.117,75.16
Aurelia,21.11,4,0.624,31.75
Cyndara,81.06,5,0.101,364.36
Cyndara,173.16,16,0.261,2047.44
Aurelia,14.99,2,0.086,27.4
Aurelia,32.14,4,0.329,86.26
Cyndara,2.83,0,0.414,0.0
Cyndara,65.37,6,0.296,276.12
Aurelia,43.71,2,,74.39
Borvik,58.19,3,0.223,135.64
Aurelia,90.11,11,,942.64
Aurelia,23.25,2,0.368,29.39
Cyndara,9.74,0,0.274,0.0
Aurelia,93.68,14,0.189,1063.64
Aurelia,69.53,4,0.399,167.15
Cyndara,20.89,3,0.203,49.95
Aurelia,85.49,10,0.307,592.45
Aurelia,21.09,3,0.151,53.72
Aurelia,24.52,2,0.172,40.61
Aurelia,72.31,9,0.297,457.51
Aurelia,95.19,9,0.105,766.76
Cyndara,38.79,3,0.243,88.09
Borvik,11.71,1,0.306,8.13
Aurelia,21.33,0,0.139,0.0
Borvik,76.22,5,0.348,248.48
Aurelia,35.44,1,0.228,27.36
Borvik,120.48,12,0.089,1317.09
Borvik,26.49,3,0.322,53.88
Cyndara,77.57,4,0.457,168.48
Cyndara,21.77,3,0.475,34.29
Aurelia,49.35,4,0.255,147.06
Borvik,128.96,15,0.542,885.96
Cyndara,53.4,6,0.483,165.65
Aurelia,18.38,3,0.376,34.41
Borvik,21.83,3,0.176,53.96
Cyndara,35.4,2,0.549,31.93
Borvik,32.47,1,,18.8
Aurelia,21.79,1,0.511,10.66
Aurelia,35.14,2,0.474,36.97
Borvik,62.54,8,0.284,358.23
Borvik,34.35,3,0.238,78.52
Drostal,54.28,4,0.127,189.55
Borvik,66.63,6,0.355,257.86
Borvik,9.12,1,0.531,4.28
Aurelia,75.83,8,0.465,324.55
Borvik,37.66,6,0.301,157.95
Cyndara,49.4,3,0.285,105.96
Cyndara,92.82,14,0.228,1003.2
Cyndara,149.94,16,0.19,1943.22
Drostal,17.62,0,0.227,0.0
Aurelia,10.78,3,0.132,28.07
Aurelia,11.09,1,0.246,8.36
Borvik,80.18,5,0.352,259.78
Cyndara,31.29,1,0.076,28.91
Borvik,31.25,7,0.197,175.66
Cyndara,25.77,3,0.129,67.34
Borvik,15.85,1,0.355,10.22
Borvik,55.99,4,0.129,195.07
Aurelia,7.77,2,0.318,10.6
Aurelia,25.62,1,0.531,12.02
Aurelia,38.31,3,0.392,69.88
Cyndara,15.56,2,0.103,27.91
Cyndara,52.77,5,0.309,182.32
Borvik,22.57,1,0.161,18.94
Borvik,70.53,12,0.107,755.8
Cyndara,42.7,4,0.545,77.71
Aurelia,37.62,4,0.435,85.02
Cyndara,19.92,2,0.233,30.56
Aurelia,129.03,15,,1743.84
Borvik,80.89,5,0.149,344.19
Borvik,68.4,6,0.417,239.26
Cyndara,46.2,7,0.324,218.62
Aurelia,21.68,0,0.385,0.0
Aurelia,25.47,2,,42.74
Aurelia,59.62,5,0.489,152.33
Borvik,73.77,6,0.097,399.69
Borvik,43.4,5,0.656,74.65
Borvik,7.71,2,,7.93
Aurelia,15.64,3,0.201,37.49
Aurelia,18.84,1,0.491,9.59
Aurelia,52.52,6,0.232,242.01
Borvik,9.54,1,,9.08
Drostal,20.24,0,0.196,0.0
Borvik,33.4,5,0.098,150.63
Cyndara,151.51,18,0.179,2239.01
Borvik,8.86,0,0.308,0.0
Borvik,76.19,8,0.26,451.04
Borvik,26.18,2,0.232,40.21
Borvik,10.83,2,0.376,13.52
Cyndara,13.37,0,0.154,0.0
Aurelia,54.52,3,0.476,85.71
Borvik,61.52,4,0.168,204.74
Cyndara,19.07,2,0.237,29.1
Cyndara,41.32,1,0.293,29.21
Cyndara,15.62,1,0.346,10.22
Aurelia,15.96,3,0.048,45.58
Aurelia,56.91,5,0.266,208.86
Cyndara,31.7,2,0.054,59.98
Aurelia,76.45,9,,518.79
Cyndara,3.91,0,0.032,0.0
Aurelia,40.79,1,0.152,34.59
Drostal,35.95,3,0.094,97.71
Cyndara,31.86,2,0.286,45.5
Aurelia,40.76,1,0.156,34.4
Borvik,39.5,3,0.044,113.29
Aurelia,18.82,1,0.595,7.62
Aurelia,22.84,1,0.188,18.55
Cyndara,9.81,1,0.462,5.28
Borvik,27.52,4,0.459,59.55
Borvik,79.5,8,0.15,540.6
Aurelia,83.79,9,0.473,397.42
Cyndara,28.62,1,0.236,21.87
Borvik,20.14,1,0.088,18.37
Aurelia,8.14,1,0.323,5.51
Cyndara,29.76,3,0.13,77.67
Borvik,48.25,4,0.036,186.05
Aurelia,16.03,0,0.293,0.0
Drostal,55.46,5,0.417,161.67
Aurelia,60.58,8,0.193,391.1
Aurelia,42.6,6,0.5,127.8
Borvik,87.95,7,0.248,462.97
Cyndara,69.97,14,0.139,843.42
Aurelia,52.25,2,0.178,85.9
Aurelia,21.34,2,0.596,17.24
Borvik,44.81,4,0.325,120.99
Borvik,37.25,1,0.323,25.22
Borvik,85.43,10,0.116,755.2
Cyndara,36.1,2,0.054,68.3
Borvik,8.92,0,0.05,0.0
Drostal,101.86,12,0.48,635.61
Drostal,99.91,7,0.273,508.44
Borvik,20.02,3,0.101,53.99
Aurelia,136.2,15,,1779.45
Cyndara,86.73,8,0.132,602.25
Cyndara,69.06,8,0.139,475.69
Drostal,132.97,13,0.241,1312.01
Cyndara,56.32,6,0.271,246.34
Cyndara,32.48,3,0.102,87.5
Aurelia,38.39,6,0.411,135.67
Aurelia,21.9,2,0.222,34.08
Borvik,50.76,8,0.164,339.48
Aurelia,23.77,3,0.157,60.11
Cyndara,6.55,2,0.53,6.16
Aurelia,53.43,3,0.309,110.76
Aurelia,98.87,10,0.285,706.92
Aurelia,43.35,3,0.232,99.88
Drostal,77.17,7,0.258,400.82
Aurelia,21.2,3,0.249,47.76
Aurelia,80.38,8,0.416,375.54
Cyndara,42.09,6,0.352,163.65
Cyndara,44.78,7,0.254,233.84
Aurelia,107.02,6,0.264,472.6
Cyndara,45.23,2,0.25,67.84
Cyndara,91.83,9,0.141,709.94
Borvik,34.98,3,0.505,51.95
Drostal,44.2,5,0.333,147.41
Borvik,63.69,9,0.377,357.11
Aurelia,49.45,6,0.337,196.71
Borvik,40.21,4,0.222,125.13
Borvik,101.85,13,0.448,730.88
Aurelia,57.37,3,0.253,128.57
Aurelia,83.47,7,0.484,301.49
Borvik,162.39,19,0.283,2212.24
Aurelia,67.08,7,0.252,351.23
Borvik,74.74,2,0.171,123.92
Aurelia,52.19,5,0.313,179.27
Borvik,93.91,10,0.007,932.53
Aurelia,46.61,1,0.409,27.55
Borvik,84.59,8,0.345,443.25
Borvik,56.77,3,0.402,101.85
Cyndara,85.58,8,0.066,639.45
Aurelia,65.49,6,0.197,315.53
Cyndara,59.22,6,0.065,332.22
Borvik,46.5,4,0.393,112.9
Aurelia,15.28,1,0.588,6.3
Cyndara,38.25,5,0.05,181.69
Aurelia,104.18,13,0.695,413.07
Borvik,31.22,5,0.743,40.12
Aurelia,59.76,8,0.362,305.02
Aurelia,97.18,6,0.192,471.13
Drostal,21.51,2,0.383,26.54
Borvik,127.9,17,0.147,1854.68
Cyndara,35.75,3,0.287,76.47
Borvik,95.63,5,0.226,370.09
Drostal,35.96,7,0.168,209.43
Cyndara,64.64,7,0.135,391.4
Aurelia,19.8,2,,19.13
Cyndara,32.1,1,0.232,24.65
Borvik,9.93,2,,17.3
Borvik,12.31,1,0.463,6.61
Borvik,20.14,2,0.458,21.83
Aurelia,22.69,1,0.163,18.99
Aurelia,38.87,5,0.31,134.1
Cyndara,31.75,2,0.174,52.45
Aurelia,71.31,5,0.247,268.48
Borvik,26.69,1,0.253,19.94
Aurelia,39.78,8,0.218,248.86
Aurelia,4.31,0,0.019,0.0
Drostal,67.48,8,0.41,318.51
Cyndara,37.62,6,0.264,166.13
Borvik,25.03,2,0.526,23.73
Aurelia,13.47,0,0.387,0.0
Cyndara,57.69,6,0.322,234.68
Cyndara,30.98,5,0.362,98.83
Cyndara,78.62,8,0.083,576.76
Drostal,53.07,3,0.294,112.4
Aurelia,21.13,3,0.086,57.94
Drostal,28.94,1,0.199,23.18
Cyndara,91.59,12,0.116,971.59
Borvik,25.78,5,0.579,54.27
Aurelia,66.32,6,0.083,364.89
Aurelia,99.16,9,0.605,352.51
Cyndara,54.15,11,0.368,376.45
Borvik,44.87,4,0.379,111.46
Cyndara,62.01,6,0.116,328.9
Aurelia,83.5,7,0.325,394.54
Drostal,86.12,9,0.414,454.2
Drostal,128.93,14,0.322,1223.8
Aurelia,46.77,4,0.554,83.44
Aurelia,75.97,6,0.148,388.36
Borvik,80.57,10,0.422,465.69
Cyndara,53.46,4,0.224,165.94
Cyndara,57.89,4,0.16,194.51
Aurelia,46.64,4,0.064,174.62
Borvik,20.16,2,0.333,26.89
Cyndara,37.2,6,0.523,106.47
Aurelia,107.4,11,,693.48
Borvik,3.56,0,0.297,0.0
Borvik,17.25,2,0.122,30.29
Aurelia,78.07,7,0.034,527.91
Borvik,65.7,11,0.273,525.4
Cyndara,69.17,6,0.096,375.18
Aurelia,24.56,7,0.367,108.83
Aurelia,40.67,1,0.173,33.63
Drostal,45.94,4,0.244,138.92
Aurelia,80.27,8,0.226,497.03
Borvik,24.8,3,,45.76
Cyndara,16.17,2,0.367,20.47
Aurelia,26.18,1,0.11,23.3
Drostal,42.46,3,0.324,86.11
Borvik,47.54,3,0.097,128.79
Borvik,31.32,4,0.137,108.12
Drostal,69.84,7,0.266,358.84
Aurelia,26.84,5,0.243,101.59
Aurelia,14.79,1,0.286,10.56
Drostal,59.92,10,0.256,445.8
Borvik,64.88,9,0.075,540.13
Aurelia,86.38,8,0.165,577.02
Borvik,11.22,1,0.271,8.18
Cyndara,35.4,3,0.107,94.84
Aurelia,102.65,6,0.242,466.85
Borvik,22.55,0,0.231,0.0
Aurelia,35.99,3,0.472,57.01
Aurelia,24.33,5,0.179,99.87
Aurelia,20.83,2,0.204,33.16
Borvik,62.41,6,0.296,263.62
Drostal,21.86,0,0.224,0.0
Drostal,108.37,13,0.116,1245.39
Borvik,85.28,8,0.169,566.94
Borvik,4.3,0,0.051,0.0
Cyndara,126.82,8,0.265,745.7
Borvik,26.61,2,0.497,26.77
Aurelia,14.85,1,0.365,9.43
Borvik,25.57,2,0.094,46.33
Cyndara,32.21,4,0.355,83.1
Borvik,50.23,6,0.136,260.39
Aurelia,28.55,4,0.704,33.8
Aurelia,15.67,0,0.538,0.0
Aurelia,50.44,5,0.315,172.76
Aurelia,17.31,3,0.099,46.79
Aurelia,20.48,3,,56.4
Borvik,43.74,5,0.273,158.99
Borvik,74.34,7,0.264,383.0
Aurelia,53.7,8,0.285,307.16
Drostal,20.85,0,0.219,0.0
Borvik,24.17,2,0.021,47.32
Aurelia,50.63,4,0.031,196.24
Borvik,23.29,4,0.34,61.49
Aurelia,118.51,12,0.48,739.5
Aurelia,16.62,0,0.61,0.0
Aurelia,48.97,5,0.112,217.43
Aurelia,127.22,15,0.273,1387.33
Borvik,109.88,15,0.087,1504.81
Borvik,30.56,5,0.299,107.11
Aurelia,47.68,5,,152.1
Cyndara,41.51,3,0.259,92.28
Cyndara,67.22,12,0.087,736.46
Aurelia,79.99,12,0.047,914.77
Cyndara,34.58,4,0.277,100.01
Aurelia,70.29,3,0.179,173.12
Aurelia,35.66,1,0.306,24.75
Drostal,22.18,3,0.555,29.61
Aurelia,52.53,7,0.242,278.72
Aurelia,90.98,4,0.371,228.91
Aurelia,9.69,0,0.489,0.0
Aurelia,14.32,2,0.251,21.45
Aurelia,32.77,3,0.362,62.72
Aurelia,37.99,2,0.126,66.41
Borvik,32.91,7,0.487,118.18
Borvik,59.78,6,0.162,300.57
Cyndara,56.94,7,0.222,310.1
Aurelia,8.75,2,0.553,7.82
Aurelia,21.74,5,0.159,91.42
Aurelia,16.03,4,0.272,46.68
Aurelia,30.66,1,0.072,28.45
Aurelia,21.51,6,0.233,98.99
Aurelia,54.79,3,0.333,109.63
Borvik,46.92,3,0.385,86.57
Aurelia,38.11,6,0.157,192.76
Aurelia,38.16,5,0.207,151.3
Aurelia,78.86,11,0.653,301.01
Borvik,45.47,3,0.088,124.41
Aurelia,76.97,9,0.303,482.83
Cyndara,14.26,1,0.092,12.95
Aurelia,54.24,8,0.336,288.12
Drostal,82.17,6,0.166,411.18
Aurelia,49.14,6,0.062,276.56
Borvik,118.91,17,,1461.52
Cyndara,17.8,1,0.317,12.16
Aurelia,47.22,5,0.185,192.42
Cyndara,17.64,1,0.341,11.62
Aurelia,16.37,1,0.494,8.28
Borvik,52.65,8,0.23,324.32
Borvik,39.91,3,0.436,67.53
Aurelia,32.71,4,0.126,114.35
Cyndara,19.78,3,0.203,47.29
Cyndara,9.34,4,0.594,15.17
Aurelia,28.24,4,0.34,74.55
Aurelia,42.09,3,0.107,112.76
Aurelia,11.04,3,0.139,28.52
Aurelia,18.91,1,0.37,11.91
Borvik,91.75,10,0.457,498.2
Aurelia,69.91,11,0.196,618.28
Aurelia,45.07,1,0.3,31.55
Aurelia,12.45,1,0.436,7.02
Borvik,63.08,7,0.208,349.72
Borvik,67.2,5,0.076,310.46
Borvik,27.43,6,0.866,22.05
Borvik,25.71,0,0.137,0.0
Borvik,11.16,0,0.04,0.0
Borvik,181.47,16,0.246,2189.25
Borvik,17.33,2,0.037,33.38
Borvik,67.48,2,0.239,102.7
Cyndara,82.71,9,0.321,505.44
Cyndara,101.85,8,0.313,559.77
Borvik,43.59,6,0.431,148.82
Cyndara,25.4,3,0.458,41.3
Aurelia,61.54,7,0.135,372.62
Borvik,17.19,1,0.329,11.53
Borvik,38.73,4,0.316,105.97
Drostal,26.49,1,0.232,20.34
Aurelia,19.31,1,0.579,8.13
Aurelia,8.68,1,0.333,5.79
Borvik,31.33,3,0.576,39.85
Borvik,97.03,6,0.233,446.53
Aurelia,57.31,5,0.22,223.51
Borvik,14.71,1,0.432,8.36
Cyndara,11.64,0,0.155,0.0
Aurelia,31.61,2,0.538,29.21
Aurelia,39.16,5,,172.7
Aurelia,46.12,2,0.423,53.22
Borvik,71.85,11,0.353,511.36
Borvik,46.52,3,0.139,120.16
Aurelia,55.03,4,0.107,196.57
Borvik,32.28,1,0.147,27.53
Aurelia,35.53,1,0.251,26.61
Cyndara,40.3,5,0.408,119.29
Aurelia,77.34,6,0.002,463.11
Aurelia,12.37,2,0.412,14.55
Aurelia,65.52,7,0.137,395.81
Borvik,27.64,2,0.234,42.34
Borvik,60.44,6,0.052,343.78
Aurelia,66.78,6,0.586,165.88
Aurelia,75.12,5,0.302,262.17
Borvik,26.41,4,0.168,87.89
Borvik,56.69,6,0.087,310.55
Cyndara,126.77,19,0.307,1669.18
Aurelia,78.99,6,0.569,204.27
Aurelia,65.0,7,0.217,356.26
Aurelia,43.35,1,0.643,15.48
Drostal,62.18,6,0.377,232.43
Aurelia,37.42,2,0.532,35.03
Aurelia,36.27,4,0.084,132.89
Aurelia,16.83,3,0.343,33.17
Aurelia,39.4,2,0.127,68.79
Aurelia,93.47,7,0.088,596.71
Cyndara,12.41,1,0.633,4.55
Borvik,37.2,4,0.353,96.27
Aurelia,86.4,6,0.478,270.6
Aurelia,15.83,1,0.563,6.92
Borvik,32.27,3,0.538,44.73
Aurelia,45.38,12,0.145,465.6
Borvik,23.61,4,0.2,75.55
Aurelia,8.49,1,0.277,6.14
Drostal,17.25,1,0.58,7.25
Cyndara,47.48,5,0.337,157.4
Aurelia,91.62,7,0.45,352.74
Cyndara,67.97,4,0.28,195.75
Drostal,0.94,0,0.159,0.0
Borvik,81.22,6,0.557,215.88
Aurelia,123.09,12,0.192,1193.48
Borvik,14.16,1,0.375,8.85
Drostal,13.44,2,0.285,19.22
Cyndara,42.38,2,0.214,66.62
Borvik,8.43,0,0.194,0.0
Aurelia,36.29,8,0.226,224.71
Aurelia,31.19,2,0.259,46.22
Cyndara,161.82,21,0.213,2674.4
Aurelia,22.52,1,0.357,14.48
Cyndara,95.49,10,0.611,371.46
Aurelia,32.84,1,0.469,17.44
Borvik,46.42,5,0.17,192.64
Cyndara,19.05,2,0.378,23.7
Aurelia,67.05,8,0.181,439.31
Borvik,63.92,8,0.211,403.46
Cyndara,14.02,2,0.296,19.74
Aurelia,17.11,5,,42.35
Drostal,23.71,0,0.083,0.0
Aurelia,12.71,1,0.465,6.8
Cyndara,87.26,11,0.209,759.25
Cyndara,8.24,1,0.198,6.61
Borvik,95.95,9,0.144,739.2
Aurelia,110.66,9,0.51,488.01
Drostal,61.48,4,0.397,148.29
Aurelia,104.84,9,0.111,838.82
Aurelia,18.52,0,0.372,0.0
Drostal,13.56,1,0.551,6.09
Borvik,31.12,2,0.218,48.67
Cyndara,9.73,0,0.21,0.0
Aurelia,70.1,4,0.555,124.78
Cyndara,10.72,3,0.174,26.56
Drostal,67.25,2,0.319,91.59
Borvik,78.59,9,0.213,556.65
Aurelia,33.34,2,0.277,48.21
Aurelia,69.27,7,,391.31
Aurelia,47.44,4,0.075,175.53
Cyndara,52.37,8,0.238,319.25
Borvik,26.67,1,0.222,20.75
Borvik,29.98,1,0.127,26.17
Borvik,119.49,11,0.541,603.31
Borvik,27.8,2,0.483,28.75
Aurelia,94.46,10,0.058,889.81
Borvik,109.74,5,0.635,200.28
Borvik,8.88,0,0.357,0.0
Aurelia,124.79,14,0.232,1341.74
Borvik,18.87,4,0.135,65.29
Aurelia,41.29,9,0.474,195.47
Borvik,27.54,7,0.423,111.23
Cyndara,99.86,12,0.1,1078.49
Cyndara,12.5,1,0.306,8.67
Drostal,25.23,2,0.194,40.67
Cyndara,54.72,2,0.209,86.57
Aurelia,78.62,8,0.303,438.39
Cyndara,18.9,0,0.666,0.0
Aurelia,37.63,1,0.09,34.24
Aurelia,17.41,1,0.321,11.82
Borvik,143.65,23,0.238,2517.61
Borvik,41.37,7,0.65,101.36
Cyndara,40.12,4,0.208,127.1
Borvik,45.44,5,0.083,208.34
Borvik,52.97,2,0.047,100.96
Borvik,69.37,5,0.38,215.05
Borvik,30.72,1,0.2,24.58
Cyndara,98.22,7,0.641,246.83
Cyndara,46.37,4,,150.8
Drostal,52.91,7,0.336,245.93
Aurelia,63.55,1,0.098,57.32
Cyndara,15.48,0,0.198,0.0
Cyndara,21.84,6,0.31,90.42
Cyndara,24.38,2,,11.99
Aurelia,12.66,0,0.343,0.0
Cyndara,88.57,4,,331.61
Borvik,10.87,2,0.321,14.76
Aurelia,5.15,0,0.215,0.0
Aurelia,180.75,27,0.243,3694.35
Cyndara,58.54,7,0.196,329.46
Aurelia,42.52,2,0.332,56.81
Borvik,31.78,1,0.067,29.65
Aurelia,109.98,14,,643.6
Aurelia,13.1,2,0.567,11.34
Cyndara,10.06,2,0.206,15.98
Aurelia,86.88,11,0.123,838.13
Aurelia,88.34,15,0.167,1103.81
Borvik,28.76,3,0.509,42.36
Cyndara,164.06,20,0.036,3163.08
Aurelia,62.2,5,0.131,270.26
Aurelia,31.24,1,0.043,29.9
Borvik,17.79,2,0.121,31.27
Borvik,19.04,4,0.266,55.9
Cyndara,41.04,2,0.145,70.18
Aurelia,9.04,1,0.623,3.41
Borvik,48.35,2,0.359,61.98
Aurelia,63.14,5,,183.74
Aurelia,14.64,2,0.593,11.92
Borvik,14.18,4,0.26,41.97
Aurelia,16.39,0,0.286,0.0
Drostal,68.76,7,0.326,324.41
Aurelia,38.5,1,0.555,17.13
Borvik,141.07,11,0.188,1260.04
Aurelia,32.5,3,0.186,79.37
Cyndara,18.6,3,0.426,32.03
Borvik,37.83,4,0.227,116.97
Borvik,46.12,3,0.07,128.67
Borvik,78.05,5,0.563,170.54
Drostal,6.05,1,0.236,4.62
Borvik,111.41,8,0.16,748.68
Cyndara,39.15,2,0.272,57.0
Aurelia,60.68,2,0.181,99.39
Borvik,29.4,4,0.149,100.08
Borvik,127.11,11,0.322,947.99
Borvik,42.32,2,0.074,78.38
Borvik,5.13,1,0.367,3.25
Aurelia,146.2,13,0.381,1176.47
Aurelia,21.19,4,0.31,58.48
Borvik,61.06,3,0.641,65.76
Cyndara,24.42,3,0.275,53.11
Drostal,81.71,7,0.295,403.24
Borvik,178.38,17,0.17,2516.94
Aurelia,16.57,2,0.375,20.71
Aurelia,162.28,15,0.233,1867.03
Drostal,67.44,6,0.524,192.61
Borvik,91.21,13,,881.0
Aurelia,83.64,10,0.547,378.89
Borvik,76.57,7,0.138,462.02
Borvik,109.69,10,0.384,675.69
Borvik,44.65,4,0.359,114.48
Drostal,37.8,1,0.15,32.13
Drostal,16.91,1,0.23,13.02
Cyndara,42.57,2,0.483,44.02
Aurelia,6.64,0,0.114,0.0
Drostal,65.22,6,0.364,248.88
Cyndara,60.44,4,0.245,182.53
Aurelia,53.7,11,0.213,464.88
Borvik,24.08,2,0.34,31.79
Borvik,41.82,9,0.584,156.57
Aurelia,15.19,0,0.202,0.0
Aurelia,102.44,8,,634.31
Cyndara,37.94,3,0.258,84.45
Borvik,21.19,2,0.265,31.15
Cyndara,79.75,9,0.275,520.37
Aurelia,74.28,10,0.199,594.98
Cyndara,24.79,1,0.206,19.68
Aurelia,60.23,6,0.467,192.62
Borvik,15.6,2,0.175,25.74
Aurelia,24.29,3,0.142,62.52
Aurelia,6.77,1,0.392,4.12
Borvik,43.63,2,0.116,77.14
Borvik,79.59,9,0.063,671.18
Aurelia,71.87,6,0.069,401.47
Borvik,17.77,1,0.247,13.38
Aurelia,165.21,13,0.161,1801.95
Aurelia,29.6,2,0.403,35.34
Borvik,70.19,9,0.256,469.99
Aurelia,62.84,5,0.143,269.27
Borvik,125.62,12,0.189,1222.53
Borvik,131.13,13,0.266,1251.24
Aurelia,58.05,5,0.457,157.61
Aurelia,41.38,2,0.222,64.39
Aurelia,21.14,2,0.234,32.39
Aurelia,77.93,8,0.095,564.21
Cyndara,7.3,0,0.298,0.0
Drostal,130.9,15,0.487,1007.28
Borvik,9.6,0,0.503,0.0
Aurelia,6.28,0,,0.0
Aurelia,48.95,1,0.066,45.72
Cyndara,57.02,13,0.442,413.62
Cyndara,86.12,6,0.419,300.21
Cyndara,44.85,4,,139.21
Aurelia,7.38,0,0.084,0.0
Aurelia,79.04,3,0.233,181.87
Cyndara,166.67,18,0.089,2733.05
Aurelia,46.12,5,0.38,142.97
Aurelia,115.93,6,0.237,530.73
Aurelia,42.15,5,0.292,149.21
Borvik,18.39,1,0.276,13.31
Cyndara,30.36,4,0.135,105.05
Borvik,57.06,6,0.104,306.75
Borvik,89.0,12,0.362,681.38
Cyndara,82.77,9,0.272,542.31
Cyndara,18.91,1,0.345,12.39
Cyndara,36.49,6,0.121,192.45
Borvik,87.16,9,0.379,487.14
Aurelia,20.68,8,,115.15
Aurelia,50.14,4,0.6,80.22
Borvik,15.71,1,0.391,9.57
Borvik,125.79,14,0.538,813.61
Borvik,16.49,3,0.444,27.51
Aurelia,32.55,4,0.505,64.45
Drostal,101.17,11,0.283,797.93
Cyndara,81.18,6,0.414,285.43
Aurelia,32.03,3,0.234,73.6
Drostal,46.42,5,0.128,202.39
Aurelia,46.99,5,0.202,187.49
Borvik,51.33,2,0.356,66.11
Borvik,50.23,5,0.39,153.2
Cyndara,13.93,1,0.228,10.75
Aurelia,81.53,11,0.781,196.41
Drostal,36.31,3,0.066,101.74
Borvik,151.59,16,0.332,1620.19
Aurelia,12.18,1,0.172,10.09
Aurelia,29.87,5,0.271,108.88
Cyndara,43.28,4,0.287,123.43
Aurelia,57.71,9,0.226,402.01
Borvik,34.63,3,0.106,92.88
Aurelia,21.56,8,0.209,136.43
Aurelia,69.17,7,0.101,435.29
Borvik,56.35,4,0.247,169.73
Aurelia,127.07,24,0.069,2839.25
Borvik,52.36,7,0.493,185.83
Cyndara,35.33,2,0.42,40.98
Aurelia,35.18,1,0.34,23.22
Borvik,55.65,11,0.423,353.21
Borvik,27.52,3,0.347,53.91
Cyndara,38.31,1,0.662,12.95
Drostal,27.62,2,0.064,51.7
Drostal,40.97,4,0.202,130.78
Drostal,17.67,2,0.492,17.95
Borvik,23.42,3,0.25,52.7
Aurelia,15.1,1,,10.74
Aurelia,45.18,5,0.302,157.68
Aurelia,33.84,5,0.268,123.85
Drostal,71.45,5,0.461,192.56
Borvik,36.43,5,0.755,44.63
Borvik,33.53,2,0.37,42.25
Borvik,110.08,14,0.179,1265.26
Borvik,18.19,0,0.31,0.0
Cyndara,15.8,0,0.243,0.0
Aurelia,4.78,1,,3.66
Cyndara,32.73,7,0.507,112.95
Aurelia,61.33,3,0.227,142.22
Aurelia,25.17,7,0.243,133.38
Aurelia,61.44,1,0.017,60.4
Aurelia,58.52,1,0.413,34.35
Cyndara,24.75,3,0.318,50.64
Borvik,37.41,4,0.325,101.01
Aurelia,7.93,1,0.365,5.04
Drostal,13.28,0,0.171,0.0
Aurelia,30.22,7,0.262,156.12
Aurelia,84.01,13,0.303,761.21
Aurelia,50.49,2,0.231,77.65
Cyndara,14.43,1,0.096,13.04
Aurelia,6.94,0,0.14,0.0
Aurelia,64.03,5,0.253,239.15
Aurelia,75.07,10,0.603,298.03
Aurelia,52.69,6,0.084,289.58
Aurelia,82.58,3,0.224,192.25
Cyndara,101.01,13,0.114,1163.43
Aurelia,34.05,2,0.278,49.17
Cyndara,189.42,18,0.08,3136.8
Aurelia,112.32,5,0.191,454.33
Borvik,49.73,6,0.408,176.64
Borvik,122.48,14,,1687.28
Borvik,49.11,5,0.08,225.91
Cyndara,15.96,1,0.174,13.18
Cyndara,55.83,6,0.228,258.6
Aurelia,87.25,7,0.143,523.41
Cyndara,61.35,3,0.267,134.91
Aurelia,81.32,14,0.163,952.91
Borvik,20.15,3,0.63,22.37
Borvik,52.76,4,0.397,127.26
Aurelia,25.27,3,0.216,59.44
Aurelia,85.48,11,0.18,771.03
Drostal,14.98,1,0.365,9.51
Aurelia,32.19,4,0.213,101.33
Borvik,61.09,3,0.263,135.07
Cyndara,31.04,4,0.068,115.72
Cyndara,27.14,2,0.149,46.19
Borvik,5.35,1,0.229,4.12
Aurelia,149.85,14,0.455,1143.36
Borvik,107.49,11,0.278,853.69
Cyndara,59.24,4,,174.88
Borvik,23.21,2,0.353,30.03
Cyndara,38.64,1,0.32,26.28
Borvik,47.89,5,0.094,216.94
Cyndara,66.88,9,0.47,319.02
Cyndara,15.25,4,0.047,58.13
Cyndara,63.79,6,0.496,192.9
Aurelia,44.71,4,,151.66
Cyndara,24.64,2,0.295,34.74
Cyndara,90.9,8,0.488,372.33
Borvik,32.34,2,0.191,52.33
Cyndara,129.36,13,0.309,1162.04
Borvik,17.41,4,0.193,56.2
Aurelia,62.47,6,,206.15
Borvik,66.45,6,0.078,367.6
Aurelia,127.5,7,0.355,575.66
Aurelia,114.68,10,0.155,969.05
Borvik,7.39,0,0.314,0.0
Aurelia,11.48,2,0.123,20.14
Borvik,82.51,8,0.377,411.23
Borvik,21.94,3,0.111,58.51
Aurelia,36.06,5,0.092,163.71
Cyndara,55.36,6,0.494,168.07
Cyndara,190.3,18,0.273,2490.27
Aurelia,79.6,4,0.155,269.05
Cyndara,87.9,10,0.159,739.24
Cyndara,65.29,11,0.482,372.02
Cyndara,67.88,7,0.168,395.33
Drostal,39.29,6,0.032,228.2
Cyndara,126.25,11,0.232,1066.56
Aurelia,8.81,0,0.755,0.0
Aurelia,28.17,0,0.107,0.0
Aurelia,107.67,14,0.012,1489.29
Cyndara,20.25,3,0.383,37.48
Borvik,35.61,6,0.48,111.1
Aurelia,76.26,7,0.473,281.32
Cyndara,20.09,3,0.108,53.76
Borvik,30.14,4,0.397,72.7
Aurelia,38.5,3,0.255,86.05
Drostal,20.32,2,0.06,38.2
Aurelia,52.98,5,0.178,217.75
Aurelia,32.2,3,0.36,61.82
Aurelia,73.09,7,0.128,446.14
Aurelia,69.86,6,0.342,275.81
Borvik,60.96,11,0.389,409.71
Cyndara,67.84,9,0.342,401.75
Aurelia,34.48,4,0.495,69.65
Cyndara,13.84,1,0.061,13.0
Drostal,23.09,1,0.151,19.6
Aurelia,34.55,4,0.41,81.54
Borvik,6.7,0,0.322,0.0
Aurelia,98.3,9,0.119,779.42
Cyndara,3.48,0,0.426,0.0
Drostal,13.26,0,0.204,0.0
Borvik,17.02,3,0.192,41.26
Aurelia,24.54,3,0.243,55.73
Aurelia,24.02,3,0.203,57.43
Cyndara,5.58,0,0.333,0.0
Cyndara,40.73,5,0.233,156.2
Borvik,76.14,7,0.101,479.15
Borvik,41.3,7,0.103,259.32
Aurelia,64.07,7,0.462,241.29
Borvik,47.01,5,0.155,198.62
Drostal,40.03,4,0.275,116.09
Drostal,45.2,2,0.242,68.52
Aurelia,36.66,1,0.096,33.14
Borvik,24.79,3,0.664,24.99
Aurelia,22.22,2,0.464,23.82
Borvik,28.38,4,0.168,94.45
Drostal,27.38,1,0.023,26.75
Borvik,79.0,10,0.353,511.13
Aurelia,16.89,2,0.45,18.58
Borvik,64.4,5,0.457,174.85
Borvik,45.22,2,0.278,65.3
Aurelia,41.15,6,0.311,170.11
Aurelia,57.88,4,0.505,114.6
Borvik,72.02,4,0.13,250.63
Aurelia,44.29,4,0.485,91.24
Cyndara,70.78,6,,355.88
Borvik,45.23,6,0.044,259.44
Aurelia,87.68,11,0.139,830.42
Cyndara,73.48,7,0.225,398.63
Borvik,100.06,8,0.035,772.46
Borvik,37.23,2,0.726,20.4
Borvik,56.2,8,0.35,292.24
Cyndara,18.91,3,0.087,51.79
Borvik,10.74,3,0.42,18.69
Borvik,50.68,6,0.154,257.25
Aurelia,11.67,0,0.085,0.0
Drostal,77.29,9,0.108,620.48
Borvik,19.31,6,0.483,59.9
Borvik,11.24,2,0.332,15.02
Cyndara,50.25,10,0.14,432.15
Aurelia,39.8,4,0.442,88.83
Drostal,8.74,0,0.355,0.0
Aurelia,33.0,4,0.183,107.84
Cyndara,70.65,4,0.28,203.47
Cyndara,96.18,10,0.199,770.4
Aurelia,57.29,9,0.389,315.04
Borvik,117.19,14,0.281,1179.63
Borvik,46.37,6,0.478,145.23
Borvik,52.32,5,,172.66
Borvik,17.68,2,,23.27
Cyndara,166.88,18,0.229,2315.96
Aurelia,57.51,4,0.373,144.24
Cyndara,31.35,3,0.09,85.59
Borvik,8.87,1,0.419,5.15
Aurelia,60.65,6,0.25,272.92
Borvik,37.9,3,0.627,42.41
Cyndara,28.4,1,0.095,25.7
Borvik,66.74,6,0.298,281.11
Aurelia,17.21,4,0.116,60.85
Borvik,54.99,4,0.274,159.69
Drostal,53.5,3,0.367,101.6
Aurelia,11.4,0,0.598,0.0
Borvik,47.39,11,0.177,429.02
Borvik,33.02,1,0.096,29.85
Cyndara,12.72,1,0.392,7.73
Borvik,94.05,12,0.387,691.83
Borvik,72.97,8,0.643,208.4
Aurelia,14.43,2,0.06,27.13
Aurelia,26.96,3,0.256,60.17
Aurelia,29.68,2,0.225,46.0
Drostal,60.67,7,0.157,358.01
Aurelia,93.96,15,0.372,885.1
Cyndara,85.45,8,0.081,628.23
Borvik,49.56,6,0.167,247.7
Cyndara,32.54,4,0.36,83.3
Borvik,72.71,4,0.121,255.65
Cyndara,29.21,3,0.372,55.03
Drostal,29.56,6,0.269,129.65
Aurelia,35.99,3,0.405,64.24
Borvik,20.16,1,0.42,11.69
Aurelia,34.04,4,0.413,79.93
Cyndara,77.22,9,0.192,561.54
Aurelia,64.76,10,,272.64
Aurelia,41.46,6,0.495,125.62
Cyndara,6.77,0,0.419,0.0
Aurelia,63.81,10,0.491,324.79
Aurelia,69.3,6,0.286,296.88
Cyndara,2.89,0,0.113,0.0
Borvik,36.46,7,0.101,229.44
Borvik,22.58,2,0.279,32.56
Borvik,16.95,3,0.261,37.58
Borvik,133.59,10,0.198,1071.39
Aurelia,38.4,1,0.594,15.59
Aurelia,4.97,0,0.424,0.0
Aurelia,24.19,5,,90.83
Cyndara,42.02,1,0.318,28.66
Aurelia,38.46,4,0.316,105.23
Borvik,63.03,6,0.058,356.25
Aurelia,60.15,4,0.019,236.03
Aurelia,205.53,21,0.107,3854.3
Cyndara,17.03,0,0.108,0.0
Cyndara,107.6,13,0.245,1056.09
Aurelia,54.53,3,0.34,107.97
Borvik,5.21,0,0.51,0.0
Borvik,67.07,8,,368.08
Borvik,7.7,0,0.544,0.0
Cyndara,30.33,4,0.442,67.7
Borvik,28.9,1,0.734,7.69
Aurelia,44.71,4,0.37,112.67
Drostal,58.1,4,0.36,148.74
Borvik,40.22,8,0.428,184.05
Aurelia,47.16,3,0.142,121.39
Borvik,91.45,3,0.143,235.12
Aurelia,1.85,0,0.392,0.0
Borvik,24.55,2,0.127,42.86
Cyndara,45.18,7,0.299,221.7
Borvik,124.58,10,0.429,711.35
Drostal,39.85,4,0.086,145.69
Borvik,74.18,7,0.56,228.47
Drostal,28.27,1,0.292,20.02
Aurelia,58.25,3,0.062,163.92
Aurelia,28.42,2,0.205,45.19
Aurelia,63.02,11,0.251,519.22
Cyndara,30.41,3,0.354,58.93
Aurelia,31.18,2,0.294,44.03
Aurelia,56.4,6,0.629,125.55
Aurelia,57.41,12,0.644,245.26
Aurelia,79.13,8,0.343,415.91
Aurelia,52.45,6,0.172,260.57
Aurelia,76.97,5,0.296,270.93
Drostal,13.16,0,0.202,0.0
Aurelia,74.57,6,0.304,311.4
Cyndara,24.14,4,0.219,75.41
Aurelia,30.06,1,0.326,20.26
Aurelia,75.88,7,0.279,382.97
Borvik,38.07,3,0.314,78.35
Borvik,35.65,2,0.198,57.18
Cyndara,14.74,3,0.54,20.34
Borvik,59.81,2,0.333,79.79
Borvik,22.12,3,0.368,41.94
Borvik,29.21,0,0.162,0.0
Borvik,86.91,6,0.126,455.76
Borvik,34.46,6,0.291,146.59
Borvik,74.28,11,0.26,604.64
Drostal,45.94,3,0.416,80.49
Cyndara,97.59,7,0.423,394.17
Cyndara,20.8,4,0.18,68.22
Aurelia,9.77,0,0.251,0.0
Aurelia,45.01,4,0.542,82.46
Aurelia,1.65,0,0.297,0.0
Cyndara,3.59,0,0.785,0.0
Aurelia,63.25,4,0.349,164.7
Aurelia,42.03,4,0.472,88.77
Aurelia,69.07,6,0.102,372.15
Aurelia,3.03,0,0.205,0.0
Borvik,68.81,4,0.095,249.09
Drostal,54.04,3,0.255,120.78
Borvik,9.61,2,0.286,13.72
Aurelia,97.83,8,0.505,387.41
Borvik,24.02,2,0.176,39.58
Cyndara,56.0,6,0.509,164.98
Cyndara,89.94,5,0.202,358.86
Borvik,38.66,2,0.122,67.89
Cyndara,47.82,10,0.207,379.21
Cyndara,41.35,6,0.505,122.81
Borvik,45.57,8,0.237,278.16
Cyndara,53.18,6,0.232,245.05
Aurelia,12.52,1,0.032,12.12
Borvik,59.2,10,0.309,409.07
Aurelia,25.64,6,0.33,103.07
Aurelia,94.08,12,0.04,1083.8
Aurelia,45.14,3,0.327,91.14
Drostal,23.08,3,0.513,33.72
Borvik,38.83,2,0.268,56.85
Aurelia,47.06,4,0.259,139.49
Borvik,57.07,7,0.312,274.85
Aurelia,14.41,4,0.325,38.91
Borvik,134.22,15,0.456,1095.24
Aurelia,43.26,4,0.394,104.86
Aurelia,43.61,2,0.574,37.16
Borvik,102.33,3,0.2,245.59
Cyndara,31.94,4,0.124,111.92
Drostal,70.48,3,0.66,71.89
Aurelia,25.92,6,0.435,87.87
Aurelia,45.15,0,0.129,0.0
Aurelia,29.39,6,0.179,144.78
Borvik,11.22,2,0.137,19.37
Borvik,42.77,2,0.367,54.15
Cyndara,33.41,3,0.329,67.25
Borvik,7.38,1,0.065,6.9
Borvik,15.63,0,0.257,0.0
Drostal,31.83,2,0.702,18.97
Aurelia,51.66,6,0.372,194.65
Borvik,53.57,6,0.067,299.88
Aurelia,32.48,4,0.08,119.53
Cyndara,108.85,18,0.067,1828.03
Cyndara,16.92,2,0.128,29.51
Borvik,56.4,6,0.352,219.28
Drostal,31.27,3,0.033,90.71
Borvik,22.75,5,0.33,76.21
Aurelia,35.88,2,0.153,60.78
Aurelia,89.46,7,0.209,495.34
Cyndara,133.14,8,0.09,969.26
Drostal,10.77,2,0.123,18.89
Aurelia,51.57,5,,203.96
Borvik,59.71,4,0.291,169.34
Aurelia,42.72,3,0.367,81.13
Aurelia,19.92,1,0.139,17.15
Cyndara,163.18,11,0.202,1432.39
Aurelia,171.42,11,0.233,1446.27
Aurelia,22.9,0,0.184,0.0
Aurelia,77.53,5,0.167,322.91
Drostal,88.99,12,0.177,878.87
Borvik,64.71,7,0.338,299.87
Aurelia,18.23,2,0.108,32.52
Cyndara,41.01,11,0.22,351.87
Borvik,44.18,7,,253.9
Aurelia,29.61,8,0.519,113.94
Borvik,89.56,11,0.191,796.99
Borvik,57.84,5,0.299,202.73
Borvik,63.33,10,,461.04
Aurelia,15.12,2,0.572,12.94
Aurelia,77.89,8,0.186,507.22
Borvik,133.45,15,0.096,1809.58
Aurelia,17.21,0,0.557,0.0
Aurelia,18.68,0,0.223,0.0
Borvik,47.44,11,0.274,378.86
Cyndara,106.67,12,0.183,1045.79
Drostal,20.21,1,0.053,19.14
Aurelia,72.17,3,0.253,161.73
Aurelia,23.76,4,0.04,91.24
Aurelia,24.14,1,0.267,17.69
Cyndara,14.12,1,0.021,13.82
Borvik,40.21,4,0.349,104.71
Aurelia,105.39,8,0.094,763.87
Borvik,31.91,3,0.223,74.38
Cyndara,10.0,1,0.052,9.48
Cyndara,19.35,2,0.36,24.77
Borvik,24.74,2,0.549,22.32
Drostal,93.15,11,0.19,829.97
Aurelia,120.54,11,0.674,432.26
Borvik,56.51,8,0.32,307.41
Borvik,22.37,5,0.256,83.22
Aurelia,7.99,2,0.759,3.85
Drostal,20.7,2,0.19,33.53
Drostal,13.84,0,0.319,0.0
Cyndara,74.1,7,,375.02
Aurelia,11.67,0,0.059,0.0
Aurelia,32.13,5,0.259,119.04
Cyndara,22.81,3,0.577,28.95
Aurelia,32.06,1,0.139,27.6
Cyndara,70.17,9,0.151,536.17
Cyndara,22.56,0,0.125,0.0
Cyndara,37.55,2,0.243,56.85
Borvik,3.93,0,0.329,0.0
Aurelia,9.2,0,0.101,0.0
Borvik,31.92,4,0.234,97.8
Borvik,66.06,8,,349.85
Borvik,42.32,3,0.182,103.85
Cyndara,68.48,5,0.718,96.56
Cyndara,12.75,0,0.6,0.0
Borvik,86.0,4,0.15,292.4
Aurelia,22.1,1,0.254,16.49
Borvik,42.48,5,0.107,189.67
Aurelia,14.59,2,0.452,15.99
Cyndara,30.3,4,0.476,63.51
Aurelia,46.91,6,0.136,243.18
Borvik,5.26,0,0.454,0.0
Borvik,37.1,5,,179.38
Cyndara,12.48,1,,6.39
Aurelia,97.72,9,0.122,772.18
Cyndara,45.8,4,0.172,151.69
Aurelia,59.8,5,0.122,262.52
Borvik,35.14,3,0.66,35.84
Borvik,67.19,3,0.343,132.43
Borvik,36.58,5,0.291,129.68
Aurelia,37.66,2,0.347,49.18
Aurelia,71.8,9,0.199,517.61
Drostal,21.89,0,0.308,0.0
Drostal,23.52,3,0.208,55.88
Cyndara,24.3,1,0.332,16.23
Borvik,18.13,1,0.198,14.54
Borvik,97.22,7,0.646,240.91
Cyndara,55.97,7,0.468,208.43
Cyndara,79.06,9,0.172,589.16
Aurelia,22.98,2,,28.17
Aurelia,17.4,0,0.225,0.0
Aurelia,86.61,9,0.135,674.26
Drostal,41.39,2,0.224,64.24
Cyndara,59.53,2,0.524,56.67
Cyndara,67.41,7,0.071,438.37
Borvik,61.54,4,0.38,152.62
Drostal,186.56,21,,3486.81
Aurelia,26.74,0,0.351,0.0
Borvik,15.87,1,0.379,9.86
Borvik,27.67,3,0.593,33.79
Borvik,20.07,1,0.286,14.33
Borvik,32.52,3,0.591,39.9
Drostal,1.99,0,0.061,0.0
Borvik,7.15,1,,3.4
Drostal,34.5,3,0.394,62.72
Borvik,93.62,5,0.526,221.88
Aurelia,13.52,1,0.327,9.1
Cyndara,11.25,0,0.371,0.0
Drostal,25.31,5,0.324,85.55
Cyndara,43.02,2,0.151,73.05
Aurelia,48.2,6,,218.64
Aurelia,74.48,7,0.293,368.6
Drostal,28.62,2,0.486,29.42
Borvik,26.53,4,0.729,28.76
Borvik,79.99,9,0.332,480.9
Aurelia,65.85,4,0.353,170.42
Aurelia,40.04,3,0.423,69.31
Borvik,77.16,7,0.112,479.63
Borvik,66.74,8,0.716,151.63
Aurelia,39.69,4,0.082,145.74
Aurelia,17.72,1,0.161,14.87
Borvik,43.73,5,0.315,149.78
Cyndara,75.14,6,0.299,316.04
Aurelia,101.59,6,0.171,505.31
Drostal,119.87,12,0.166,1199.66
Drostal,19.68,3,0.153,50.01
Borvik,63.35,7,0.18,363.63
Borvik,40.94,6,0.442,137.07
Cyndara,2.64,1,0.042,2.53
Borvik,42.83,4,0.149,145.79
Borvik,14.71,1,0.259,10.9
Borvik,12.15,0,0.161,0.0
Aurelia,51.75,6,0.47,164.56
Cyndara,26.5,4,0.227,81.94
Borvik,49.28,6,0.132,256.65
Borvik,78.45,9,0.056,666.51
Aurelia,151.59,14,0.26,1570.47
Borvik,20.36,2,0.41,24.02
Cyndara,96.67,8,0.349,503.46
Borvik,86.28,7,0.329,405.26
Cyndara,28.99,2,0.032,56.12
Cyndara,58.6,3,0.409,103.9
Aurelia,95.34,10,0.185,777.02
Cyndara,75.68,10,0.165,631.93
Aurelia,54.37,9,,448.23
Aurelia,57.21,11,0.614,242.91
Borvik,23.58,2,0.283,33.81
Cyndara,74.95,7,0.045,501.04
Borvik,40.1,4,0.569,69.13
Borvik,32.34,3,0.306,67.33
Cyndara,52.87,2,0.268,77.4
Borvik,77.11,12,0.551,415.47
Borvik,4.23,1,0.351,2.75
Cyndara,18.13,5,0.111,80.59
Cyndara,100.26,15,0.247,1132.44
Borvik,31.27,2,0.223,48.59
Borvik,16.56,1,0.668,5.5
Aurelia,28.11,2,0.211,44.36
Aurelia,13.19,1,0.465,7.06
Borvik,121.7,10,0.353,787.4
Aurelia,9.86,0,0.293,0.0
Borvik,50.17,3,0.147,128.39
Borvik,41.16,9,0.071,344.14
Borvik,14.86,3,0.16,37.45
Cyndara,63.55,7,0.06,418.16
Aurelia,58.19,6,0.38,216.47
Cyndara,44.52,5,0.13,193.66
Aurelia,70.72,6,0.387,260.11
Cyndara,31.53,2,0.314,43.26
Aurelia,24.42,3,0.314,50.26
Borvik,19.83,1,0.072,18.4
Borvik,46.85,2,0.145,80.11
Borvik,95.36,14,,789.01
Aurelia,17.09,0,0.284,0.0
Borvik,34.47,3,0.382,63.91
Aurelia,74.39,7,0.21,411.38
Aurelia,70.21,6,0.554,187.88
Aurelia,28.4,5,0.384,87.47
Borvik,17.83,2,0.385,21.93
Cyndara,51.86,7,0.381,224.71
Aurelia,70.37,7,0.292,348.75
Cyndara,12.17,1,0.507,6.0
Cyndara,17.32,1,0.33,11.6
Borvik,28.62,2,0.515,27.76
Aurelia,40.57,0,0.419,0.0
Borvik,43.77,4,0.399,105.22
Drostal,32.33,0,0.418,0.0
Drostal,69.27,9,0.153,528.05
Cyndara,19.54,3,0.331,39.22
Borvik,52.56,4,0.182,171.98
Drostal,25.89,5,0.837,21.1
Aurelia,46.35,6,0.757,67.58
Borvik,69.26,5,0.103,310.63
Drostal,8.51,0,0.216,0.0
Aurelia,49.45,5,0.223,192.11
Aurelia,60.05,6,0.402,215.46
Borvik,8.96,1,0.164,7.49
Aurelia,32.3,3,,85.37
Cyndara,19.58,1,0.114,17.35
Aurelia,84.34,4,0.398,203.09
Aurelia,18.84,2,0.411,22.19
Borvik,105.24,11,0.132,1004.83
Borvik,8.79,0,0.249,0.0
Cyndara,79.0,9,0.647,250.98
Aurelia,13.69,2,0.115,24.23
Aurelia,73.15,4,0.367,185.22
Cyndara,8.83,2,,9.62
Borvik,57.28,6,0.433,194.87
Cyndara,36.99,4,0.365,93.95
Cyndara,13.52,1,0.461,7.29
Aurelia,41.16,7,0.504,142.91
Aurelia,28.27,4,0.584,47.04
Aurelia,89.85,12,0.201,861.48
Borvik,28.66,2,0.216,44.94
Borvik,23.9,3,0.53,33.7
Aurelia,58.34,7,0.419,237.27
Aurelia,29.49,0,0.308,0.0
Aurelia,27.91,1,0.299,19.56
Aurelia,44.54,2,0.155,75.27
Aurelia,13.96,0,0.675,0.0
Cyndara,32.92,5,0.301,115.06
Borvik,59.29,6,,104.94
Borvik,31.24,3,,70.1
Aurelia,32.31,3,0.183,79.19
Aurelia,117.04,7,0.206,650.51
Drostal,75.21,8,0.238,458.48
Aurelia,46.32,5,,148.22
Cyndara,118.31,12,0.163,1188.31
Borvik,109.17,14,0.192,1234.93
Aurelia,28.97,3,0.42,50.41
Cyndara,61.24,8,0.153,414.96
Borvik,31.55,2,0.263,46.5
Cyndara,5.6,1,0.407,3.32
Aurelia,34.64,6,0.511,101.63
Aurelia,33.06,6,,176.94
Borvik,11.6,2,0.156,19.58
Aurelia,35.25,4,0.237,107.58
Borvik,136.27,13,0.196,1424.29
Borvik,10.03,0,0.602,0.0
Cyndara,40.19,3,0.188,97.9
Borvik,105.01,7,0.357,472.65
Aurelia,39.63,2,0.194,63.88
Aurelia,71.67,8,0.477,299.87
Borvik,8.29,1,0.232,6.37
Borvik,117.13,7,0.31,565.74
Aurelia,16.31,1,0.422,9.43
Cyndara,60.57,5,0.192,244.7
Aurelia,101.83,15,0.144,1307.5
Drostal,24.77,3,0.095,67.25
Cyndara,131.9,15,0.036,1907.27
Borvik,29.94,2,0.611,23.29
Borvik,139.21,15,0.282,1499.29
Borvik,46.31,0,0.614,0.0
Borvik,192.53,16,0.095,2787.83
Borvik,23.98,4,0.379,59.57
Cyndara,146.62,20,0.055,2771.12
Cyndara,104.9,8,0.196,674.72
Aurelia,34.08,3,0.291,72.49
Cyndara,117.04,10,0.495,591.05
Borvik,53.45,5,0.124,234.11
Aurelia,121.45,12,0.243,1103.25
Aurelia,16.76,1,0.046,15.99
Aurelia,167.88,17,0.049,2714.12
Cyndara,130.91,14,0.138,1579.82
Borvik,59.21,7,0.016,407.84
Aurelia,30.11,5,0.119,132.63
Aurelia,56.86,7,0.657,136.52
Drostal,61.06,2,,38.35
Drostal,81.02,5,,375.12
Aurelia,48.17,4,0.139,165.9
Aurelia,75.17,8,0.282,431.78
Aurelia,36.72,3,0.33,73.81
Cyndara,51.7,3,0.071,144.09
Drostal,11.4,1,0.502,5.68
Aurelia,41.03,2,0.062,76.97
Drostal,32.57,5,0.462,87.61
Aurelia,14.19,0,0.174,0.0
Borvik,53.14,2,0.249,79.82
Borvik,34.99,5,0.052,165.85
Aurelia,167.67,15,,2288.7
Aurelia,80.5,8,0.103,577.67
Aurelia,132.51,14,0.348,1209.55
Borvik,60.99,4,0.577,103.2
Aurelia,33.85,1,0.322,22.95
Aurelia,39.75,4,0.119,140.08
Aurelia,50.92,8,0.456,221.6
Aurelia,25.58,3,0.146,65.54
Aurelia,107.05,7,0.326,505.06
Cyndara,93.49,9,0.365,534.3
Borvik,72.75,6,0.307,302.49
Borvik,22.45,2,0.156,37.9
Aurelia,30.43,3,0.194,73.58
Borvik,62.23,4,0.694,76.17
Aurelia,69.62,7,0.114,431.78
Aurelia,51.33,6,0.016,303.05
Borvik,43.7,2,0.411,51.48
Borvik,46.61,4,0.149,158.66
Aurelia,3.53,0,0.391,0.0
Borvik,72.24,10,0.248,543.24
Aurelia,72.29,2,0.21,114.22
Aurelia,91.4,13,0.32,807.98
Aurelia,72.23,5,,250.64
Aurelia,25.96,1,0.096,23.47
Borvik,114.22,11,0.382,776.47
Aurelia,39.51,1,0.157,33.31
Aurelia,87.98,9,0.244,598.62
Aurelia,80.02,8,0.161,537.09
Aurelia,72.98,9,0.51,321.84
Aurelia,97.23,9,0.231,672.93
Aurelia,20.04,5,0.141,86.07
Aurelia,19.4,3,0.228,44.93
Aurelia,41.47,4,0.216,130.05
Aurelia,21.73,3,0.525,30.97
Aurelia,44.44,3,0.135,115.32
Aurelia,65.8,10,0.276,476.39
Cyndara,58.44,10,0.22,455.83
Cyndara,43.24,10,,357.16
Aurelia,128.59,16,0.221,1602.75
Cyndara,45.85,4,0.375,114.62
Borvik,48.26,4,0.433,109.45
Drostal,129.24,13,0.464,900.54
Cyndara,53.31,6,0.567,138.5
Drostal,80.51,11,0.226,685.46
Cyndara,37.81,7,0.483,136.83
Borvik,80.33,6,0.569,207.73
Aurelia,86.49,10,0.481,448.88
Aurelia,5.33,3,0.426,9.18
Cyndara,83.06,12,0.29,707.67
Aurelia,61.21,2,0.328,82.27
Drostal,24.67,1,0.136,21.31
Drostal,41.23,3,0.162,103.65
Aurelia,45.1,6,0.223,210.26
Aurelia,24.77,4,0.262,73.12
Aurelia,60.77,4,0.116,214.88
Drostal,46.69,3,0.112,124.38
Cyndara,153.15,18,0.449,1518.94
Borvik,12.1,0,0.055,0.0
Aurelia,10.5,0,0.271,0.0
Aurelia,84.05,7,,454.21
Borvik,24.99,2,0.332,33.39
Cyndara,56.31,4,0.133,195.28
Aurelia,15.51,2,0.021,30.37
Drostal,50.11,2,0.204,79.78
Aurelia,35.14,2,0.162,58.89
Aurelia,62.56,6,0.178,308.55
Borvik,56.14,3,,138.95
Borvik,60.1,10,0.403,358.8
Aurelia,41.56,2,0.27,60.68
Borvik,94.66,11,0.098,939.22
Aurelia,103.87,6,0.076,575.86
Cyndara,48.24,8,0.289,274.39
Cyndara,146.52,22,0.441,1801.9
Drostal,45.7,1,0.138,39.39
Cyndara,35.15,2,0.464,37.68
Borvik,37.09,5,,165.79
Aurelia,14.87,2,0.256,22.13
Borvik,17.47,1,,7.56
Borvik,8.61,1,0.232,6.61
Borvik,67.97,5,0.384,209.35
Cyndara,60.44,5,0.486,155.33
Aurelia,66.71,4,0.323,180.65
Borvik,80.86,12,0.169,806.34
Borvik,36.93,2,0.087,67.43
Cyndara,16.88,3,0.193,40.87
Drostal,31.75,9,0.205,227.17
Cyndara,39.59,2,0.135,68.49
Cyndara,149.86,13,0.242,1476.72
Drostal,119.02,10,0.437,670.08
Drostal,79.09,8,0.286,451.76
Aurelia,196.65,19,0.137,3224.47
Drostal,21.17,1,0.205,16.83
Cyndara,48.41,5,0.266,177.66
Cyndara,30.91,7,0.383,133.5
Cyndara,39.63,2,0.084,72.6
Drostal,43.14,1,0.106,38.57
Cyndara,24.23,5,0.058,114.12
Aurelia,84.5,5,0.199,338.42
Borvik,29.3,1,0.326,19.75
Aurelia,84.16,9,0.135,655.19
Aurelia,8.2,1,0.117,7.24
Aurelia,71.22,10,,393.13
Cyndara,46.41,1,,40.79
Drostal,36.95,4,0.157,124.6
Borvik,60.37,13,,487.37
Aurelia,2.51,0,0.416,0.0
Borvik,67.43,8,,515.17
Aurelia,31.53,2,0.292,44.65
Drostal,32.63,4,0.274,94.76
Borvik,72.78,15,0.222,849.34
Borvik,40.28,4,,87.0
Aurelia,33.92,2,0.578,28.63
Drostal,16.21,1,0.307,11.23
Drostal,134.22,8,0.097,969.61
Aurelia,23.62,2,,37.74
Aurelia,29.52,4,0.141,101.43
Aurelia,99.36,5,0.083,455.57
Borvik,60.52,4,0.217,189.55
Aurelia,64.85,9,0.384,359.53
Cyndara,47.99,4,0.168,159.71
Aurelia,41.58,4,0.204,132.39
Cyndara,45.16,1,0.195,36.35
Cyndara,45.56,3,0.189,110.85
Borvik,24.83,1,0.372,15.59
Cyndara,36.09,2,0.127,63.01
Cyndara,41.17,4,0.314,112.97
Borvik,24.35,2,0.395,29.46
Aurelia,11.97,1,0.467,6.38
Aurelia,15.51,1,0.439,8.7
Borvik,32.49,5,0.493,82.36
Drostal,64.11,10,0.499,321.19
Aurelia,43.37,3,0.208,103.05
Cyndara,20.33,2,0.339,26.88
Aurelia,44.62,2,0.178,73.36
Borvik,83.61,6,0.346,328.09
Aurelia,48.77,2,0.053,92.37
Borvik,149.98,17,0.264,1876.55
Borvik,35.5,2,,31.52
Borvik,24.54,0,0.264,0.0
Borvik,29.34,4,,55.86
Borvik,113.49,14,0.089,1447.45
Cyndara,24.77,1,0.477,12.95
Borvik,10.58,1,0.414,6.2
Drostal,41.27,4,0.121,145.11
Drostal,6.73,0,0.071,0.0
Borvik,97.29,7,0.351,441.99
Aurelia,69.24,3,0.41,122.55
Drostal,150.61,13,0.184,1597.67
Borvik,37.6,4,0.292,106.48
Borvik,21.22,1,0.405,12.63
Aurelia,14.37,1,0.36,9.2
Aurelia,115.89,15,0.556,771.83
Aurelia,55.76,4,0.107,199.17
Cyndara,46.05,5,0.058,216.9
Cyndara,180.93,23,0.338,2754.84
Borvik,14.29,2,,24.58
Cyndara,39.1,1,0.38,24.24
Drostal,152.61,13,0.437,1116.95
Cyndara,106.24,7,0.163,622.46
Aurelia,83.55,7,0.061,549.17
Cyndara,288.02,30,0.127,7543.24
Drostal,17.92,1,,12.49
Aurelia,21.02,2,0.205,33.42
Aurelia,63.41,3,0.446,105.39
Aurelia,78.72,8,0.231,484.29
Aurelia,7.88,3,0.195,19.03
Cyndara,34.09,3,0.304,71.18
Aurelia,12.31,0,,0.0
Borvik,40.61,9,0.122,320.9
Cyndara,18.74,1,0.491,9.54
Borvik,92.61,13,0.069,1120.86
Aurelia,43.18,3,0.373,81.22
Borvik,58.35,9,0.072,487.34
Borvik,81.06,10,0.375,506.62
Aurelia,46.71,4,0.383,115.28
Borvik,40.94,5,0.203,163.15
Cyndara,27.83,1,0.302,19.43
Drostal,76.39,4,0.136,264.0
Aurelia,87.19,8,,621.49
Borvik,88.08,7,0.436,347.74
Drostal,20.18,1,0.116,17.84
Cyndara,58.08,4,0.382,143.57
Aurelia,76.23,10,0.3,533.61
Cyndara,23.14,0,0.305,0.0
Cyndara,18.86,1,0.36,12.07
Borvik,102.18,12,0.256,912.26
Aurelia,39.3,2,0.335,52.27
Cyndara,70.52,14,0.166,823.39
Aurelia,19.41,5,0.313,66.67
Aurelia,9.51,1,,4.55
Aurelia,90.44,8,,422.54
Aurelia,95.01,5,0.431,270.3
Borvik,29.17,2,0.087,53.26
Borvik,27.53,2,0.062,51.65
Borvik,23.66,3,0.073,65.8
Borvik,111.95,21,0.486,1208.39
Aurelia,64.26,8,0.324,347.52
Aurelia,72.28,6,0.169,360.39
Drostal,39.88,2,0.019,78.24
Aurelia,53.57,3,0.145,137.41
Borvik,57.14,1,0.284,40.91
Borvik,18.99,2,0.214,29.85
Drostal,55.9,8,0.093,405.61
Borvik,46.06,3,0.409,81.66
Aurelia,61.22,8,0.16,411.4
Aurelia,57.95,3,0.16,146.03
Cyndara,44.62,6,0.259,198.38
Aurelia,33.56,5,0.118,148.0
Cyndara,146.52,13,0.098,1718.09
Aurelia,52.49,6,0.241,239.04
Cyndara,17.68,1,0.134,15.31
Aurelia,50.07,12,0.31,414.58
Borvik,38.66,3,0.331,77.59
Borvik,38.44,4,0.275,111.48
Aurelia,9.14,2,0.492,9.29
Drostal,26.27,4,0.184,85.75
Aurelia,93.11,13,0.194,975.61
Aurelia,84.04,7,,459.45
Cyndara,42.27,5,0.203,168.45
Borvik,24.04,2,0.172,39.81
Aurelia,30.95,3,0.313,63.79
Aurelia,33.2,3,0.432,56.57
Cyndara,84.11,11,0.046,882.65
Cyndara,106.78,6,0.243,484.99
Aurelia,100.74,12,0.323,818.41
Cyndara,36.8,4,0.454,80.37
Borvik,103.17,10,0.31,711.87
Borvik,57.88,11,0.035,614.4
Cyndara,48.92,3,0.256,109.19
Cyndara,25.7,5,0.196,103.31
Aurelia,24.97,4,0.53,46.94
Aurelia,31.96,6,0.176,158.01
Cyndara,100.7,11,0.233,849.61
Drostal,103.37,10,0.542,473.43
Aurelia,42.24,6,0.344,166.26
Aurelia,15.84,2,0.109,28.23
Borvik,10.56,1,0.156,8.91
Cyndara,26.84,3,0.057,75.93
Borvik,59.91,9,0.232,414.1
Aurelia,28.29,1,0.464,15.16
Borvik,52.66,5,0.141,226.17
Aurelia,47.23,5,0.503,117.37
Aurelia,62.74,10,0.487,321.86
Aurelia,59.86,9,0.133,467.09
Borvik,71.61,10,0.296,504.13
Drostal,32.37,2,0.19,52.44
Borvik,83.85,7,0.125,513.58
Borvik,106.78,14,0.312,1028.5
Cyndara,53.34,1,0.364,33.92
Drostal,50.09,9,0.447,249.3
Aurelia,19.19,0,0.105,0.0
Drostal,40.57,1,0.568,17.53
Aurelia,89.51,10,0.181,733.09
Borvik,71.6,5,0.384,220.53
Cyndara,15.1,2,0.454,16.49
Aurelia,16.09,1,0.125,14.08
Borvik,26.01,2,0.357,33.45
Cyndara,29.51,3,0.321,60.11
Aurelia,76.34,8,0.512,298.03
Cyndara,33.9,3,0.213,80.04
Borvik,38.65,2,0.705,22.8
Borvik,76.99,8,0.283,441.61
Aurelia,15.02,0,0.453,0.0
Borvik,19.55,4,0.276,56.62
Aurelia,25.89,3,0.275,56.31
Borvik,61.13,2,0.344,80.2
Cyndara,87.82,7,0.198,493.02
Borvik,40.75,1,0.298,28.61
Borvik,43.66,6,0.153,221.88
Drostal,2.89,1,0.041,2.77
Drostal,79.52,9,0.26,529.6
Aurelia,27.66,2,0.27,40.38
Cyndara,91.85,6,0.309,380.81
Borvik,46.31,6,0.635,101.42
Drostal,25.79,9,0.311,159.92
Borvik,20.16,2,0.407,23.91
Borvik,22.81,3,0.309,47.29
Drostal,58.94,6,0.493,179.3
Aurelia,17.9,0,0.036,0.0
Aurelia,50.33,9,0.415,264.99
Aurelia,67.03,7,0.254,350.03
Borvik,41.7,8,0.504,165.47
Aurelia,66.89,6,0.147,342.34
Cyndara,9.07,1,0.163,7.59
Borvik,11.9,2,0.436,13.42
Borvik,50.46,5,0.573,107.73
Aurelia,104.99,9,,686.0
Aurelia,19.03,0,0.191,0.0
Borvik,44.04,1,0.275,31.93
Drostal,34.55,2,0.38,42.84
Drostal,46.69,4,0.127,163.04
Borvik,10.46,1,0.204,8.33
Aurelia,3.49,0,0.421,0.0
Aurelia,191.37,11,0.305,1463.02
Aurelia,28.67,4,0.516,55.51
Borvik,16.93,0,0.177,0.0
Aurelia,11.37,0,0.185,0.0
Cyndara,43.0,5,0.495,108.58
Drostal,73.94,8,0.105,529.41
Drostal,64.74,7,0.164,378.86
Aurelia,74.93,5,0.199,300.09
Drostal,33.58,4,0.239,102.22
Borvik,60.22,3,0.198,144.89
Aurelia,40.14,1,0.27,29.3
Borvik,43.83,5,0.159,184.31
Borvik,92.86,10,0.061,871.96
Aurelia,21.32,1,0.627,7.95
Aurelia,99.42,11,0.17,907.7
Borvik,6.24,1,,4.79
Aurelia,27.04,3,0.309,56.05
Drostal,180.69,17,0.318,2094.92
Aurelia,47.91,11,0.316,360.47
Cyndara,24.61,5,0.33,82.44
Drostal,34.99,1,0.109,31.18
Aurelia,16.58,2,0.2,26.53
Aurelia,22.94,1,0.23,17.66
Aurelia,144.6,17,0.286,1755.15
Aurelia,43.45,4,0.063,162.85
Cyndara,52.14,4,0.527,98.65
Aurelia,28.02,1,0.135,24.24
Borvik,59.13,12,0.164,593.19
Aurelia,61.33,5,0.273,222.93
Cyndara,14.54,1,0.119,12.81
Cyndara,16.49,3,0.083,45.36
Borvik,39.87,5,0.315,136.55
Borvik,73.38,3,0.414,129.0
Cyndara,36.82,2,0.195,59.28
Cyndara,27.38,1,0.154,23.16
Borvik,52.07,4,0.077,192.24
Aurelia,44.81,5,0.357,144.06
Borvik,26.77,4,0.09,97.44
Borvik,44.07,5,0.574,93.87
Borvik,50.17,4,0.063,188.04
Drostal,7.05,1,0.135,6.1
Borvik,65.54,6,0.246,296.5
Cyndara,31.95,2,0.033,61.79
Cyndara,55.65,3,0.475,87.65
Aurelia,46.5,5,0.1,209.25
Cyndara,67.93,7,0.033,459.82
Aurelia,164.16,13,0.11,1899.33
Borvik,59.88,7,0.235,320.66
Aurelia,43.46,5,0.067,202.74
Aurelia,134.65,12,0.097,1459.07
Aurelia,36.35,2,0.608,28.5
Aurelia,11.63,0,0.665,0.0
Borvik,37.28,4,0.198,119.59
Borvik,46.97,2,0.174,77.59
Borvik,55.15,2,0.43,62.87
Borvik,41.56,3,0.336,82.79
Aurelia,55.78,1,0.226,43.17
Cyndara,23.85,1,0.22,18.6
Borvik,22.62,1,0.421,13.1
Aurelia,132.71,16,0.178,1745.4
Aurelia,30.15,4,0.355,77.79
Borvik,56.38,3,,154.09
Drostal,75.79,11,0.131,724.48
Borvik,52.93,7,0.066,346.06
Cyndara,73.64,5,0.204,293.09
Aurelia,38.24,6,0.505,113.57
Aurelia,23.82,2,0.765,11.2
Aurelia,21.82,3,0.408,38.75
Aurelia,98.52,7,0.027,671.02
Borvik,7.06,0,0.371,0.0
Drostal,55.63,8,0.338,294.62
Borvik,30.44,3,0.52,43.83
Borvik,17.78,2,0.34,23.47
Aurelia,39.18,4,0.306,108.76
Borvik,36.04,4,0.196,115.9
Aurelia,13.09,0,0.187,0.0
Cyndara,20.8,3,0.238,47.55
Aurelia,37.81,1,0.062,35.47
Cyndara,56.4,3,0.301,118.27
Aurelia,78.11,6,0.354,302.75
Aurelia,1.39,0,0.263,0.0
Aurelia,22.94,4,0.177,75.52
Cyndara,22.94,1,0.262,16.93
Drostal,81.95,3,0.357,158.08
Aurelia,77.77,4,0.395,188.2
Aurelia,21.47,4,0.478,44.83
Aurelia,68.58,6,0.355,265.4
Cyndara,56.66,11,0.387,382.06
Borvik,76.05,8,0.163,509.23
Borvik,34.26,2,0.16,57.56
Cyndara,66.92,5,0.509,164.29
Cyndara,104.67,11,0.104,1031.63
Borvik,94.05,11,0.179,849.37
Drostal,103.08,5,0.228,397.89
Borvik,68.4,2,0.085,125.17
Aurelia,63.61,2,0.583,53.05
Aurelia,52.0,7,0.259,269.72
Aurelia,17.2,4,0.351,44.65
Aurelia,7.22,0,0.226,0.0
Aurelia,91.63,7,,230.27
Aurelia,1.16,0,0.526,0.0
Cyndara,39.37,5,0.447,108.86
Aurelia,75.98,18,0.152,1159.76
Aurelia,94.47,14,0.298,928.45
Borvik,87.22,9,,665.66
Borvik,60.13,3,0.182,147.56
Cyndara,25.08,2,0.092,45.55
Borvik,17.8,1,0.435,10.06
Borvik,58.34,10,0.315,399.63
Cyndara,76.37,14,0.205,850.0
Aurelia,34.48,2,0.248,51.86
Borvik,38.68,0,0.257,0.0
Aurelia,122.74,12,0.298,1033.96
Borvik,60.77,7,0.196,342.01
Aurelia,32.66,3,0.645,34.78
Borvik,33.77,5,0.124,147.91
Drostal,71.21,7,0.235,381.33
Aurelia,42.28,7,0.359,189.71
Aurelia,58.57,8,0.143,401.56
Borvik,15.03,0,0.283,0.0
Aurelia,15.11,5,0.287,53.87
Cyndara,92.96,5,0.617,178.02
Cyndara,0.52,0,0.074,0.0
Borvik,3.2,0,0.384,0.0
Aurelia,25.61,4,0.161,85.95
Borvik,12.47,1,0.277,9.02
Cyndara,28.35,1,0.116,25.06
Cyndara,76.52,8,0.702,182.42
Aurelia,19.37,1,0.115,17.14
Borvik,30.28,4,0.405,72.07
Borvik,97.29,16,0.416,909.08
Aurelia,10.81,1,0.423,6.24
Drostal,91.28,10,0.072,847.08
Borvik,82.99,7,0.427,332.87
Aurelia,57.24,3,0.396,103.72
Borvik,44.6,7,,213.86
Borvik,15.51,1,0.702,4.62
Aurelia,40.64,4,0.317,111.03
Cyndara,5.04,1,0.266,3.7
Aurelia,55.13,4,0.275,159.88
Cyndara,66.38,9,0.406,354.87
Aurelia,48.92,3,0.379,91.14
Cyndara,96.84,5,0.186,394.14
Drostal,99.82,8,0.306,554.2
Borvik,45.05,7,0.241,239.35
Aurelia,31.53,6,0.638,68.48
Cyndara,100.31,5,0.362,319.99
Borvik,30.22,2,0.297,42.49
Cyndara,107.03,12,0.249,964.55
Borvik,5.5,2,0.178,9.04
Borvik,22.58,2,0.554,20.14
Borvik,25.11,0,0.632,0.0
Borvik,31.47,4,0.136,108.76
Aurelia,13.75,0,0.046,0.0
Borvik,68.96,5,0.358,221.36
Aurelia,45.37,4,0.431,103.26
Aurelia,59.92,7,,339.33
Drostal,23.24,3,0.087,63.65
Aurelia,51.78,5,0.39,157.93
Drostal,8.9,0,0.189,0.0
Drostal,17.16,0,0.434,0.0
Aurelia,91.81,5,,155.62
Aurelia,40.44,4,0.118,142.67
Drostal,14.65,3,0.301,30.72
Aurelia,11.34,3,0.149,28.95
Aurelia,5.07,0,0.354,0.0
Borvik,25.14,5,0.123,110.24
Aurelia,42.45,4,0.07,157.91
Cyndara,151.63,11,0.284,1194.24
Aurelia,33.04,3,,22.6
Aurelia,29.2,2,0.16,49.06
Drostal,19.54,3,0.079,53.99
Aurelia,17.18,0,,0.0
Cyndara,24.45,5,0.365,77.63
Cyndara,54.35,6,0.447,180.33
Aurelia,71.43,10,0.327,480.72
Aurelia,57.84,6,0.176,285.96
Aurelia,57.23,4,0.177,188.4
Borvik,20.65,1,0.219,16.13
Aurelia,88.18,11,0.262,715.85
Cyndara,26.65,10,0.06,250.51
Borvik,34.68,0,0.165,0.0
Drostal,30.54,2,0.1,54.97
Borvik,3.3,0,,0.0
Aurelia,27.49,1,0.711,7.94
Aurelia,13.94,0,0.047,0.0
Aurelia,33.47,2,0.162,56.1
Aurelia,20.69,3,0.273,45.12
Aurelia,4.16,1,0.266,3.05
Borvik,45.32,4,0.206,143.94
Aurelia,65.96,5,0.143,282.64
Borvik,18.54,3,0.302,38.82
Cyndara,16.2,2,0.139,27.9
Aurelia,84.28,7,0.365,374.62
Aurelia,75.22,8,0.542,275.61
Cyndara,33.6,2,0.315,46.03
Cyndara,50.66,2,0.282,72.75
Aurelia,169.7,16,0.159,2283.48
Aurelia,101.01,5,0.493,256.06
Aurelia,17.63,0,0.525,0.0
