ticker,qty,fill_price,side
MTLP,150,97.92,buy
ZQRX,636,102.47,buy
PLOM,852,96.87,buy
WBYZ,926,107.33,buy
KVDN,863,97.12,buy
ZQRX,265,95.99,sell
ZQRX,231,106.44,sell
ZQRX,45,93.38,buy
ZQRX,941,95.53,sell
KVDN,721,98.89,sell
ZQRX,700,100.88,sell
MTLP,241,111.78,buy
MTLP,774,96.99,buy
ZQRX,838,103.2,sell
ZQRX,512,94.82,sell
KVDN,536,97.12,sell
ZQRX,561,99.2,sell
MTLP,292,93.25,sell
ZQRX,281,95.05,sell
KVDN,863,99.05,buy
WBYZ,286,108.45,sell
KVDN,958,103.83,buy
PLOM,862,98.92,sell
MTLP,310,99.62,sell
MTLP,988,103.63,buy
KVDN,402,91.85,sell
ZQRX,185,97.82,buy
ZQRX,941,93.83,buy
MTLP,347,99.97,buy
PLOM,769,104.2,sell
ZQRX,557,99.32,sell
ZQRX,544,97.25,buy
ZQRX,606,88.61,buy
MTLP,961,101.26,buy
WBYZ,380,87.78,buy
WBYZ,526,102.79,sell
ZQRX,707,97.02,buy
ZQRX,648,100.57,sell
WBYZ,695,101.96,buy
MTLP,563,97.76,buy
ZQRX,285,97.01,buy
MTLP,563,101.42,buy
MTLP,959,99.87,sell
KVDN,376,106.69,buy
MTLP,192,106.08,sell
ZQRX,98,97.07,buy
MTLP,910,102.12,buy
PLOM,612,102.49,buy
MTLP,975,96.48,buy
ZQRX,235,95.35,sell
MTLP,804,94.05,sell
MTLP,393,95.72,sell
WBYZ,919,94.27,sell
PLOM,423,101.99,sell
KVDN,140,95.0,sell
MTLP,570,104.97,sell
ZQRX,558,93.17,sell
ZQRX,510,93.66,buy
ZQRX,726,97.24,buy
ZQRX,405,97.82,sell
ZQRX,948,97.64,buy
PLOM,25,100.27,buy
KVDN,510,100.64,buy
KVDN,406,111.88,sell
WBYZ,72,90.1,sell
ZQRX,678,95.83,sell
ZQRX,226,112.41,sell
KVDN,859,102.26,buy
ZQRX,215,107.2,buy
MTLP,47,99.12,buy
ZQRX,799,97.49,buy
PLOM,850,100.44,sell
ZQRX,15,107.26,sell
ZQRX,900,101.12,sell
WBYZ,943,94.76,buy
ZQRX,82,108.84,buy
KVDN,486,103.8,sell
KVDN,666,107.85,sell
ZQRX,775,98.62,buy
WBYZ,871,103.71,sell
PLOM,138,110.53,sell
MTLP,407,98.04,sell
WBYZ,864,94.66,sell
ZQRX,503,105.29,buy
MTLP,995,92.81,sell
MTLP,376,103.48,sell
KVDN,546,109.63,buy
WBYZ,619,98.15,buy
PLOM,781,102.36,sell
ZQRX,76,101.46,buy
PLOM,239,99.3,sell
MTLP,310,99.13,buy
MTLP,383,100.68,buy
MTLP,906,91.96,sell
WBYZ,683,96.81,buy
MTLP,220,94.21,sell
MTLP,675,100.55,buy
KVDN,701,102.01,sell
MTLP,499,102.05,sell
ZQRX,493,103.0,sell
PLOM,74,89.04,sell
MTLP,201,105.06,sell
KVDN,915,98.31,sell
WBYZ,743,102.96,sell
KVDN,948,96.49,sell
KVDN,362,92.44,buy
WBYZ,149,100.34,buy
MTLP,119,100.76,buy
ZQRX,111,110.4,buy
KVDN,201,99.03,sell
KVDN,901,101.57,buy
WBYZ,89,101.76,buy
ZQRX,746,103.25,sell
ZQRX,72,99.54,sell
WBYZ,707,97.9,buy
KVDN,998,99.87,buy
KVDN,83,98.64,sell
WBYZ,548,102.11,sell
KVDN,920,98.25,buy
PLOM,390,102.3,sell
KVDN,273,97.86,sell
ZQRX,947,100.49,sell
KVDN,585,103.76,buy
KVDN,62,103.73,sell
KVDN,257,99.86,sell
KVDN,813,103.48,sell
WBYZ,659,98.25,sell
ZQRX,701,101.66,sell
KVDN,381,97.97,buy
KVDN,807,98.21,buy
ZQRX,714,92.95,sell
KVDN,683,96.78,buy
ZQRX,817,108.43,buy
PLOM,946,98.28,buy
MTLP,886,100.61,buy
KVDN,768,99.96,sell
ZQRX,723,97.32,buy
MTLP,394,96.17,sell
ZQRX,857,101.78,buy
KVDN,976,114.48,sell
PLOM,537,97.42,buy
MTLP,301,94.5,sell
ZQRX,707,100.67,buy
MTLP,482,105.79,buy
MTLP,960,104.5,sell
KVDN,323,101.33,sell
MTLP,78,110.04,buy
ZQRX,197,102.86,sell
ZQRX,745,101.27,sell
MTLP,669,99.28,sell
MTLP,499,98.38,buy
WBYZ,939,98.19,sell
ZQRX,959,103.01,sell
ZQRX,352,90.03,buy
WBYZ,505,104.2,sell
KVDN,740,101.42,buy
ZQRX,143,98.48,buy
PLOM,512,90.95,buy
MTLP,182,107.2,buy
KVDN,166,97.05,sell
PLOM,336,97.64,sell
PLOM,195,97.31,sell
ZQRX,558,100.33,sell
ZQRX,91,102.44,sell
KVDN,279,104.55,sell
MTLP,512,95.58,buy
MTLP,709,105.21,buy
ZQRX,35,97.24,buy
MTLP,843,100.96,buy
WBYZ,914,96.71,sell
ZQRX,542,98.56,sell
PLOM,440,93.13,buy
ZQRX,729,102.7,sell
ZQRX,923,96.9,sell
KVDN,720,97.17,sell
KVDN,987,88.7,buy
ZQRX,765,99.89,sell
KVDN,893,102.47,sell
ZQRX,815,99.28,sell
KVDN,986,99.69,sell
WBYZ,217,101.94,sell
KVDN,922,94.79,buy
WBYZ,466,99.82,sell
MTLP,558,93.66,buy
MTLP,243,95.5,buy
MTLP,887,95.7,buy
MTLP,325,114.96,buy
KVDN,44,105.17,buy
ZQRX,882,101.13,sell
KVDN,150,93.25,buy
ZQRX,555,92.5,buy
MTLP,399,101.34,buy
KVDN,324,102.0,buy
ZQRX,184,110.08,sell
ZQRX,840,98.99,sell
KVDN,147,104.86,sell
WBYZ,861,90.45,sell
ZQRX,272,105.33,buy
MTLP,928,104.88,buy
PLOM,66,102.07,buy
MTLP,38,99.79,sell
ZQRX,521,90.29,sell
KVDN,475,103.92,sell
KVDN,758,99.07,sell
MTLP,340,100.8,sell
ZQRX,956,96.9,buy
WBYZ,193,95.26,sell
ZQRX,664,95.54,buy
KVDN,704,106.33,sell
ZQRX,46,101.83,sell
ZQRX,901,101.08,buy
MTLP,255,98.15,sell
ZQRX,396,94.81,buy
MTLP,788,100.85,buy
ZQRX,199,101.99,buy
ZQRX,783,98.79,sell
MTLP,868,104.91,buy
KVDN,927,99.37,buy
MTLP,16,91.12,sell
PLOM,832,100.7,sell
WBYZ,714,98.26,sell
KVDN,756,105.48,sell
MTLP,643,95.72,buy
ZQRX,395,103.56,sell
KVDN,608,100.34,buy
ZQRX,417,97.59,sell
ZQRX,715,95.57,buy
WBYZ,775,103.66,sell
KVDN,171,100.47,sell
KVDN,599,97.46,buy
MTLP,322,97.1,buy
KVDN,323,105.15,buy
MTLP,508,100.96,sell
ZQRX,517,107.02,sell
MTLP,788,106.32,sell
ZQRX,944,95.44,buy
MTLP,30,101.64,sell
MTLP,848,105.12,buy
ZQRX,612,109.05,buy
KVDN,941,95.98,sell
PLOM,574,95.59,buy
KVDN,486,98.11,sell
KVDN,779,114.76,buy
ZQRX,875,112.94,buy
MTLP,242,97.24,sell
ZQRX,999,109.43,sell
ZQRX,59,111.08,sell
KVDN,891,112.11,sell
MTLP,682,100.51,buy
ZQRX,40,87.07,sell
ZQRX,897,98.74,buy
KVDN,165,96.65,buy
MTLP,259,83.16,buy
WBYZ,144,100.02,buy
PLOM,457,102.66,buy
MTLP,480,99.58,sell
PLOM,777,92.26,sell
ZQRX,721,99.81,sell
MTLP,502,100.55,sell
ZQRX,463,98.56,buy
MTLP,686,107.96,buy
WBYZ,607,99.13,buy
WBYZ,497,98.71,buy
MTLP,638,99.56,sell
ZQRX,669,101.26,buy
ZQRX,279,105.98,sell
PLOM,173,99.11,sell
MTLP,737,95.42,sell
MTLP,13,108.29,buy
ZQRX,374,98.31,sell
PLOM,486,94.42,sell
WBYZ,851,94.87,buy
PLOM,475,97.45,sell
MTLP,387,100.06,sell
ZQRX,973,110.81,sell
WBYZ,189,97.58,buy
ZQRX,205,100.99,buy
ZQRX,427,98.68,sell
MTLP,488,93.1,sell
KVDN,574,92.18,sell
ZQRX,744,93.92,sell
MTLP,853,101.08,buy
ZQRX,494,106.42,sell
KVDN,954,99.38,buy
ZQRX,781,107.35,buy
KVDN,105,105.29,sell
ZQRX,275,95.16,sell
MTLP,891,95.36,buy
ZQRX,545,95.43,buy
ZQRX,685,105.09,sell
KVDN,437,111.94,buy
MTLP,79,94.07,buy
ZQRX,13,102.26,buy
MTLP,157,103.27,sell
WBYZ,575,108.17,sell
PLOM,170,98.88,buy
WBYZ,57,104.99,buy
MTLP,885,98.55,sell
KVDN,154,99.32,sell
KVDN,411,94.1,buy
KVDN,298,101.12,buy
MTLP,21,114.92,buy
MTLP,857,101.4,buy
MTLP,136,96.94,buy
WBYZ,919,96.15,sell
WBYZ,575,106.26,buy
WBYZ,831,109.7,sell
MTLP,212,108.6,sell
WBYZ,194,103.48,buy
ZQRX,996,92.81,buy
PLOM,830,100.33,sell
MTLP,997,104.3,buy
PLOM,797,107.25,buy
ZQRX,57,97.26,buy
WBYZ,528,105.98,buy
KVDN,327,102.13,buy
KVDN,42,96.01,buy
ZQRX,388,100.79,sell
WBYZ,650,101.71,buy
ZQRX,993,100.82,sell
KVDN,98,97.61,sell
ZQRX,91,104.84,buy
KVDN,244,95.62,sell
ZQRX,51,105.74,sell
PLOM,643,92.72,buy
KVDN,978,94.93,buy
KVDN,682,95.32,sell
ZQRX,307,86.27,sell
WBYZ,245,97.23,sell
WBYZ,496,106.12,buy
ZQRX,941,102.1,sell
PLOM,734,101.39,buy
ZQRX,732,101.51,buy
MTLP,228,97.71,sell
MTLP,715,94.63,buy
KVDN,214,104.46,buy
KVDN,129,98.5,buy
ZQRX,710,97.64,buy
KVDN,228,97.35,buy
ZQRX,908,102.74,sell
KVDN,205,104.17,buy
ZQRX,262,102.93,sell
MTLP,184,93.86,sell
MTLP,719,98.27,buy
KVDN,137,109.5,buy
ZQRX,564,91.95,buy
ZQRX,139,106.44,buy
WBYZ,97,100.7,sell
ZQRX,366,97.72,sell
KVDN,614,105.28,buy
ZQRX,115,89.93,buy
PLOM,838,94.26,buy
ZQRX,302,102.07,buy
KVDN,536,89.68,sell
ZQRX,244,101.14,sell
ZQRX,421,103.26,sell
KVDN,325,110.08,sell
MTLP,144,100.26,buy
ZQRX,184,91.33,buy
WBYZ,797,103.07,buy
KVDN,65,95.13,sell
MTLP,361,102.51,buy
ZQRX,840,97.72,sell
KVDN,540,102.06,sell
KVDN,980,100.41,buy
WBYZ,584,99.18,buy
WBYZ,674,98.84,buy
PLOM,985,103.14,sell
ZQRX,323,93.52,sell
ZQRX,574,93.15,buy
ZQRX,722,92.36,sell
MTLP,307,105.09,buy
MTLP,953,95.64,buy
KVDN,968,100.16,sell
KVDN,689,103.1,buy
ZQRX,788,104.63,buy
KVDN,379,108.31,buy
ZQRX,361,101.72,sell
ZQRX,725,88.01,sell
ZQRX,140,98.16,sell
KVDN,459,100.89,buy
ZQRX,626,95.65,sell
KVDN,38,108.93,buy
KVDN,915,104.62,sell
ZQRX,51,101.05,buy
ZQRX,261,103.03,buy
MTLP,304,108.3,buy
ZQRX,493,94.89,sell
KVDN,434,93.58,sell
ZQRX,242,106.66,buy
ZQRX,608,98.91,buy
KVDN,300,99.8,buy
ZQRX,175,98.48,sell
PLOM,733,108.69,sell
ZQRX,406,102.89,sell
KVDN,787,97.36,buy
ZQRX,980,97.5,buy
ZQRX,886,104.66,sell
ZQRX,61,101.78,buy
WBYZ,873,102.47,buy
ZQRX,46,102.33,sell
ZQRX,911,87.4,sell
MTLP,11,93.54,buy
KVDN,707,92.29,buy
ZQRX,647,97.67,sell
ZQRX,224,95.93,sell
MTLP,991,104.48,buy
WBYZ,858,97.0,sell
MTLP,771,102.94,buy
MTLP,455,101.77,buy
ZQRX,741,105.41,buy
ZQRX,822,96.74,sell
ZQRX,163,102.88,sell
ZQRX,942,87.59,sell
WBYZ,641,99.26,sell
ZQRX,481,96.73,sell
ZQRX,467,114.52,sell
ZQRX,932,97.12,buy
ZQRX,435,100.98,buy
ZQRX,708,96.52,sell
WBYZ,148,96.8,sell
ZQRX,567,97.58,buy
WBYZ,69,96.22,sell
KVDN,331,100.78,buy
ZQRX,300,101.05,buy
KVDN,721,99.87,buy
KVDN,757,105.36,buy
PLOM,347,90.35,buy
ZQRX,638,101.42,buy
MTLP,347,97.15,sell
ZQRX,75,97.97,buy
PLOM,224,92.11,buy
KVDN,178,97.71,buy
KVDN,224,98.26,buy
MTLP,679,100.01,buy
MTLP,226,103.32,sell
KVDN,982,93.78,buy
ZQRX,661,103.27,buy
WBYZ,848,103.57,buy
MTLP,980,105.04,sell
MTLP,42,97.89,sell
MTLP,472,99.03,buy
ZQRX,740,91.0,sell
ZQRX,546,105.07,buy
PLOM,532,103.72,buy
MTLP,667,97.31,buy
WBYZ,189,99.77,buy
ZQRX,263,99.68,buy
MTLP,594,91.3,buy
WBYZ,64,100.32,buy
WBYZ,522,110.33,sell
MTLP,453,97.46,buy
KVDN,729,98.78,buy
WBYZ,452,94.46,buy
WBYZ,42,94.06,buy
WBYZ,410,90.86,sell
WBYZ,791,89.91,sell
MTLP,802,98.93,sell
WBYZ,459,104.27,sell
ZQRX,419,92.47,sell
PLOM,402,89.36,sell
ZQRX,453,102.03,buy
WBYZ,97,103.03,buy
WBYZ,258,102.62,buy
ZQRX,611,98.94,buy
KVDN,470,96.52,buy
KVDN,745,98.01,buy
MTLP,783,99.3,buy
MTLP,389,97.45,sell
WBYZ,415,110.14,sell
ZQRX,398,102.89,sell
ZQRX,827,104.21,sell
WBYZ,447,101.92,sell
WBYZ,528,97.9,buy
KVDN,977,106.58,sell
ZQRX,109,94.48,sell
ZQRX,734,99.63,buy
ZQRX,388,103.84,buy
PLOM,791,107.46,sell
KVDN,948,97.91,sell
MTLP,63,98.45,buy
ZQRX,451,100.22,buy
KVDN,820,99.04,buy
WBYZ,906,98.58,buy
WBYZ,379,99.18,sell
KVDN,37,99.11,buy
WBYZ,186,105.36,sell
KVDN,854,91.74,sell
ZQRX,41,93.63,buy
KVDN,66,96.03,sell
PLOM,243,101.55,buy
MTLP,620,103.46,buy
MTLP,166,90.96,buy
ZQRX,30,96.21,buy
ZQRX,70,97.44,buy
ZQRX,747,102.8,sell
PLOM,72,95.0,buy
PLOM,421,94.57,sell
KVDN,852,104.48,sell
MTLP,384,95.77,buy
PLOM,17,96.84,sell
KVDN,93,104.07,buy
MTLP,716,95.48,buy
KVDN,569,99.63,buy
ZQRX,757,103.76,sell
KVDN,733,108.03,buy
ZQRX,554,107.51,buy
ZQRX,786,94.84,buy
ZQRX,709,103.8,buy
WBYZ,666,104.28,sell
ZQRX,168,98.6,sell
ZQRX,167,116.32,sell
PLOM,463,96.49,buy
PLOM,96,98.87,sell
MTLP,166,94.68,sell
WBYZ,781,95.08,sell
MTLP,951,95.33,sell
WBYZ,163,100.3,buy
KVDN,639,104.88,buy
PLOM,573,99.36,sell
MTLP,141,108.25,sell
ZQRX,270,95.32,buy
ZQRX,610,94.51,sell
KVDN,857,102.16,buy
KVDN,793,100.07,buy
WBYZ,144,96.58,buy
MTLP,864,105.4,buy
PLOM,674,95.52,sell
PLOM,499,97.26,buy
KVDN,76,100.85,buy
ZQRX,901,111.05,buy
MTLP,112,103.85,sell
MTLP,901,102.8,buy
ZQRX,371,107.9,buy
ZQRX,791,101.11,sell
KVDN,940,101.76,sell
ZQRX,382,101.3,sell
WBYZ,341,102.58,sell
PLOM,815,97.33,buy
ZQRX,161,93.63,buy
ZQRX,341,96.15,buy
MTLP,820,91.77,buy
MTLP,706,96.87,sell
KVDN,875,96.86,sell
WBYZ,284,95.64,sell
WBYZ,275,107.32,sell
MTLP,778,93.29,buy
KVDN,365,108.15,sell
MTLP,703,98.05,sell
ZQRX,854,93.76,buy
MTLP,582,101.31,sell
KVDN,50,104.61,buy
ZQRX,750,95.54,sell
ZQRX,995,101.59,buy
KVDN,958,104.37,buy
ZQRX,203,93.83,buy
MTLP,770,91.45,sell
MTLP,547,105.81,sell
PLOM,278,91.98,buy
MTLP,177,103.86,buy
MTLP,443,93.56,sell
MTLP,691,104.3,buy
KVDN,229,102.12,buy
ZQRX,113,103.12,buy
KVDN,716,101.97,buy
WBYZ,698,96.11,sell
KVDN,739,93.79,buy
ZQRX,533,98.37,sell
MTLP,688,93.27,sell
PLOM,300,98.36,sell
WBYZ,355,108.15,buy
WBYZ,478,106.63,buy
KVDN,441,97.46,buy
WBYZ,180,95.83,sell
PLOM,604,100.72,sell
KVDN,839,102.79,buy
ZQRX,407,105.26,sell
ZQRX,695,105.74,buy
ZQRX,293,100.41,sell
ZQRX,785,94.62,sell
MTLP,893,98.41,buy
KVDN,783,102.1,buy
MTLP,61,97.97,buy
MTLP,121,95.15,buy
MTLP,827,101.64,buy
MTLP,486,92.27,buy
ZQRX,178,92.66,buy
PLOM,825,101.17,sell
ZQRX,986,99.47,buy
ZQRX,469,101.11,sell
KVDN,71,101.14,sell
KVDN,63,90.55,buy
KVDN,975,103.38,sell
ZQRX,169,103.32,sell
ZQRX,920,103.24,sell
MTLP,200,93.87,buy
ZQRX,911,106.45,buy
KVDN,358,101.59,sell
KVDN,451,99.04,sell
MTLP,78,92.05,sell
WBYZ,80,103.18,buy
MTLP,298,89.2,buy
MTLP,903,101.8,sell
MTLP,333,97.26,buy
MTLP,239,103.01,sell
PLOM,404,97.35,sell
KVDN,588,98.17,sell
MTLP,765,102.66,sell
ZQRX,895,96.73,buy
MTLP,701,103.98,sell
ZQRX,647,115.0,sell
MTLP,704,98.96,buy
WBYZ,567,92.63,sell
MTLP,118,100.69,sell
WBYZ,305,103.49,buy
WBYZ,585,104.72,buy
KVDN,606,100.95,buy
ZQRX,113,97.04,buy
MTLP,400,102.6,sell
KVDN,190,102.02,sell
MTLP,967,102.26,sell
KVDN,729,106.45,buy
ZQRX,765,101.18,buy
ZQRX,14,105.84,sell
KVDN,970,101.23,sell
MTLP,785,108.57,sell
WBYZ,301,100.35,buy
MTLP,127,105.87,buy
MTLP,793,106.69,buy
PLOM,880,100.46,sell
MTLP,479,108.88,sell
MTLP,876,100.14,buy
MTLP,12,100.94,sell
KVDN,126,99.99,buy
MTLP,673,99.33,buy
PLOM,914,104.33,buy
ZQRX,269,89.76,sell
MTLP,727,103.48,buy
ZQRX,163,99.58,sell
ZQRX,455,99.62,sell
WBYZ,482,100.21,sell
ZQRX,633,100.59,buy
WBYZ,714,94.83,sell
ZQRX,106,101.87,sell
ZQRX,113,97.16,sell
KVDN,36,110.21,sell
WBYZ,738,93.96,sell
ZQRX,508,101.19,buy
PLOM,444,104.21,buy
KVDN,26,95.85,sell
KVDN,397,97.88,sell
KVDN,283,97.76,buy
ZQRX,118,105.25,buy
KVDN,551,102.49,buy
PLOM,79,95.67,buy
ZQRX,847,92.85,sell
ZQRX,931,95.23,sell
PLOM,753,93.94,buy
MTLP,361,101.91,buy
PLOM,60,102.04,sell
WBYZ,242,99.31,buy
MTLP,263,108.93,sell
PLOM,903,103.85,buy
PLOM,203,99.98,buy
WBYZ,788,100.06,sell
MTLP,432,96.82,buy
MTLP,222,92.34,sell
ZQRX,379,102.4,buy
MTLP,327,92.62,sell
MTLP,703,102.98,sell
MTLP,607,105.09,sell
KVDN,533,92.85,buy
WBYZ,934,99.29,sell
WBYZ,718,93.72,sell
MTLP,965,100.22,buy
WBYZ,758,103.69,buy
KVDN,72,113.28,sell
ZQRX,804,92.03,buy
MTLP,216,101.34,buy
ZQRX,802,101.28,buy
WBYZ,899,100.49,sell
MTLP,459,88.17,sell
KVDN,304,100.36,buy
ZQRX,423,103.83,buy
WBYZ,356,91.53,buy
MTLP,302,99.93,buy
MTLP,552,97.67,buy
MTLP,534,96.88,sell
ZQRX,826,100.26,buy
ZQRX,378,101.18,sell
ZQRX,619,111.48,buy
ZQRX,74,106.03,buy
MTLP,200,98.35,sell
ZQRX,544,106.13,sell
PLOM,551,105.13,sell
KVDN,707,100.53,sell
ZQRX,728,104.56,buy
MTLP,66,102.98,buy
MTLP,642,101.71,sell
ZQRX,344,103.96,buy
ZQRX,391,93.86,sell
MTLP,459,105.88,sell
MTLP,877,91.39,buy
ZQRX,644,107.43,sell
MTLP,302,103.14,buy
PLOM,457,87.96,sell
MTLP,526,99.73,buy
KVDN,91,97.05,sell
MTLP,502,103.55,buy
PLOM,384,80.89,buy
MTLP,234,93.94,sell
ZQRX,871,100.43,buy
MTLP,508,102.74,sell
WBYZ,239,95.85,sell
MTLP,704,95.78,buy
MTLP,836,107.77,sell
MTLP,757,105.2,buy
MTLP,67,106.49,buy
PLOM,988,99.9,sell
MTLP,263,95.12,sell
MTLP,338,106.23,buy
MTLP,645,94.71,buy
ZQRX,647,95.45,sell
PLOM,754,114.43,sell
WBYZ,579,101.5,buy
KVDN,373,101.61,buy
KVDN,319,102.15,buy
MTLP,404,100.41,buy
MTLP,783,98.12,sell
MTLP,111,105.09,buy
MTLP,404,100.61,sell
WBYZ,588,102.1,sell
PLOM,219,106.47,sell
KVDN,23,102.34,buy
KVDN,163,108.12,buy
PLOM,323,101.32,buy
MTLP,94,100.91,sell
ZQRX,328,102.2,sell
PLOM,605,94.11,buy
ZQRX,159,104.98,buy
KVDN,271,98.08,sell
MTLP,830,81.2,sell
KVDN,91,106.26,buy
ZQRX,190,90.65,sell
PLOM,371,89.79,sell
KVDN,528,101.39,sell
ZQRX,986,102.28,buy
MTLP,926,111.16,sell
WBYZ,94,101.8,sell
ZQRX,832,108.75,sell
PLOM,54,110.08,buy
KVDN,17,90.18,buy
MTLP,726,97.1,sell
KVDN,120,96.06,sell
WBYZ,329,112.13,buy
PLOM,263,89.82,sell
WBYZ,361,110.73,sell
ZQRX,629,101.46,buy
ZQRX,955,104.39,buy
KVDN,702,91.67,sell
ZQRX,981,103.63,sell
MTLP,44,101.49,sell
MTLP,671,98.17,buy
MTLP,563,99.56,sell
MTLP,963,97.8,sell
ZQRX,38,98.05,sell
KVDN,436,101.18,buy
ZQRX,647,101.12,sell
WBYZ,734,108.19,buy
WBYZ,344,103.23,buy
MTLP,303,112.36,sell
MTLP,203,95.9,buy
ZQRX,422,102.58,buy
MTLP,181,100.3,buy
ZQRX,207,96.85,sell
PLOM,132,101.78,buy
WBYZ,446,97.91,buy
ZQRX,157,99.56,buy
ZQRX,698,101.24,sell
KVDN,853,98.92,buy
MTLP,46,101.01,buy
ZQRX,114,93.91,buy
ZQRX,190,101.06,buy
KVDN,842,101.73,sell
KVDN,846,107.81,buy
ZQRX,628,100.46,sell
MTLP,150,104.15,buy
KVDN,926,100.01,sell
MTLP,867,95.41,sell
ZQRX,26,106.14,sell
WBYZ,430,103.06,buy
KVDN,789,100.86,buy
WBYZ,227,91.87,buy
PLOM,611,101.99,buy
KVDN,352,101.71,buy
MTLP,16,90.96,buy
ZQRX,512,111.39,buy
KVDN,823,103.81,buy
ZQRX,63,95.13,buy
ZQRX,349,91.51,buy
MTLP,112,90.23,sell
PLOM,741,90.86,sell
KVDN,774,110.97,buy
WBYZ,819,99.29,buy
KVDN,411,100.51,buy
MTLP,500,91.93,sell
PLOM,134,91.91,sell
WBYZ,803,88.91,buy
ZQRX,614,94.41,sell
KVDN,261,101.03,sell
WBYZ,771,97.73,sell
WBYZ,429,94.76,buy
WBYZ,114,100.63,buy
PLOM,729,101.65,sell
KVDN,220,106.76,buy
KVDN,250,106.17,buy
ZQRX,986,98.18,sell
KVDN,695,103.64,buy
MTLP,947,93.26,sell
ZQRX,957,101.48,sell
ZQRX,793,99.13,sell
ZQRX,96,96.33,buy
PLOM,796,113.71,buy
WBYZ,135,96.33,buy
KVDN,490,103.33,sell
MTLP,857,98.04,sell
PLOM,412,104.34,sell
PLOM,375,94.22,sell
ZQRX,367,94.92,sell
ZQRX,425,100.63,buy
WBYZ,176,102.81,buy
ZQRX,22,99.56,buy
WBYZ,286,97.68,sell
ZQRX,94,90.94,sell
ZQRX,527,101.58,buy
KVDN,765,93.87,buy
MTLP,940,96.27,sell
MTLP,968,98.15,buy
WBYZ,188,97.22,buy
MTLP,302,95.8,buy
PLOM,49,107.16,sell
KVDN,894,105.44,buy
ZQRX,690,100.33,buy
MTLP,627,102.04,sell
ZQRX,390,100.64,sell
ZQRX,584,105.02,buy
ZQRX,832,108.53,buy
ZQRX,95,100.08,sell
KVDN,152,104.31,sell
MTLP,44,104.17,sell
WBYZ,664,102.43,buy
MTLP,900,102.74,sell
KVDN,123,102.29,buy
MTLP,55,101.75,sell
ZQRX,391,102.9,buy
KVDN,249,98.19,buy
ZQRX,940,95.72,sell
MTLP,349,95.03,sell
MTLP,853,95.51,buy
PLOM,823,102.85,buy
MTLP,696,101.02,buy
MTLP,865,94.11,buy
ZQRX,175,95.66,sell
ZQRX,954,94.39,buy
WBYZ,186,101.56,sell
ZQRX,682,103.18,sell
MTLP,994,98.93,sell
ZQRX,819,96.77,buy
MTLP,952,96.67,sell
ZQRX,525,95.1,buy
MTLP,735,112.1,sell
MTLP,51,94.89,buy
WBYZ,387,93.21,sell
ZQRX,304,102.88,sell
PLOM,665,110.5,buy
KVDN,825,98.54,sell
PLOM,912,92.49,buy
MTLP,229,98.37,buy
PLOM,719,96.58,buy
MTLP,135,96.53,sell
PLOM,889,101.2,buy
ZQRX,379,102.06,sell
MTLP,366,107.2,buy
WBYZ,840,93.68,buy
ZQRX,12,91.64,sell
PLOM,569,91.92,sell
PLOM,560,99.01,buy
PLOM,910,95.09,sell
ZQRX,793,94.42,buy
MTLP,462,88.43,buy
KVDN,664,94.36,buy
MTLP,352,95.78,sell
PLOM,724,93.76,buy
ZQRX,785,98.25,sell
ZQRX,611,95.16,buy
MTLP,982,96.76,sell
KVDN,591,95.15,sell
WBYZ,10,97.68,sell
ZQRX,822,94.18,buy
PLOM,674,91.82,buy
MTLP,112,101.21,buy
KVDN,321,101.1,buy
ZQRX,214,98.45,sell
KVDN,808,102.33,sell
KVDN,313,100.94,buy
KVDN,700,94.0,sell
PLOM,613,93.46,buy
MTLP,872,104.6,buy
WBYZ,91,94.62,buy
ZQRX,696,97.79,sell
ZQRX,479,95.6,sell
WBYZ,898,96.05,buy
MTLP,481,93.84,buy
MTLP,299,91.37,buy
ZQRX,783,98.26,buy
MTLP,713,98.5,sell
ZQRX,260,102.42,sell
ZQRX,804,92.14,buy
KVDN,691,102.44,buy
ZQRX,90,96.84,sell
MTLP,534,97.4,buy
ZQRX,130,105.25,sell
PLOM,486,103.94,buy
WBYZ,181,99.33,sell
WBYZ,595,110.07,buy
MTLP,480,101.19,sell
WBYZ,363,107.35,buy
KVDN,879,99.86,buy
WBYZ,843,95.12,buy
PLOM,571,102.44,buy
KVDN,435,99.78,buy
KVDN,896,93.37,sell
ZQRX,130,97.8,buy
PLOM,753,97.15,sell
MTLP,979,101.12,sell
MTLP,300,105.26,sell
MTLP,540,104.96,sell
ZQRX,343,98.9,buy
WBYZ,620,97.92,buy
PLOM,50,97.27,buy
PLOM,814,100.14,buy
MTLP,75,104.77,sell
MTLP,861,104.73,buy
PLOM,235,95.81,buy
WBYZ,356,105.09,sell
ZQRX,704,103.32,buy
WBYZ,202,93.34,buy
WBYZ,480,101.85,sell
MTLP,136,99.96,buy
ZQRX,395,100.48,sell
MTLP,450,106.03,sell
ZQRX,321,91.66,buy
MTLP,558,99.18,buy
KVDN,754,98.79,buy
PLOM,154,98.86,buy
PLOM,665,99.09,sell
ZQRX,978,97.77,sell
KVDN,851,95.85,sell
ZQRX,366,101.09,buy
KVDN,293,88.79,buy
PLOM,787,101.42,buy
WBYZ,424,105.11,buy
MTLP,837,95.34,buy
WBYZ,744,98.73,sell
ZQRX,471,100.86,sell
MTLP,626,99.67,sell
ZQRX,985,100.93,sell
ZQRX,377,108.35,sell
KVDN,585,100.27,buy
ZQRX,273,89.9,buy
WBYZ,682,99.93,buy
MTLP,538,85.47,buy
KVDN,770,99.76,sell
MTLP,349,95.5,buy
MTLP,573,102.63,buy
MTLP,141,100.63,buy
PLOM,769,102.58,buy
WBYZ,872,97.78,sell
ZQRX,66,99.49,sell
WBYZ,345,106.14,buy
ZQRX,75,92.2,sell
MTLP,550,94.24,buy
WBYZ,427,99.85,buy
KVDN,174,97.83,sell
MTLP,876,100.29,buy
ZQRX,726,101.39,buy
ZQRX,538,101.49,buy
WBYZ,536,104.46,sell
WBYZ,80,97.02,buy
MTLP,668,97.34,sell
KVDN,99,101.93,sell
ZQRX,567,95.02,sell
KVDN,903,99.26,buy
MTLP,108,106.31,buy
KVDN,384,94.4,buy
MTLP,847,101.71,sell
KVDN,780,96.46,buy
WBYZ,444,104.77,sell
MTLP,398,111.61,buy
KVDN,39,102.11,sell
KVDN,642,98.37,buy
KVDN,132,89.81,buy
ZQRX,17,106.76,buy
ZQRX,581,102.53,sell
MTLP,708,99.95,sell
MTLP,504,102.32,buy
WBYZ,124,106.47,buy
MTLP,201,98.6,buy
ZQRX,964,99.82,sell
KVDN,336,90.24,buy
ZQRX,536,99.12,buy
WBYZ,222,98.25,sell
PLOM,847,91.47,buy
KVDN,695,98.21,sell
ZQRX,447,95.85,sell
WBYZ,716,106.29,sell
ZQRX,52,104.89,sell
MTLP,152,100.66,sell
KVDN,333,104.04,sell
PLOM,436,106.16,buy
KVDN,744,100.97,buy
ZQRX,973,93.21,sell
MTLP,609,97.56,buy
MTLP,881,97.04,sell
MTLP,535,104.46,sell
ZQRX,266,103.77,buy
MTLP,63,98.39,sell
MTLP,831,101.43,sell
PLOM,777,101.48,sell
ZQRX,847,92.63,sell
KVDN,319,101.99,sell
MTLP,220,100.85,buy
PLOM,129,111.44,buy
WBYZ,635,100.24,buy
WBYZ,802,92.67,buy
ZQRX,186,97.49,buy
ZQRX,311,107.28,buy
ZQRX,728,92.75,buy
KVDN,346,90.07,sell
KVDN,246,101.65,sell
PLOM,457,106.48,sell
ZQRX,518,94.26,sell
WBYZ,713,96.52,buy
KVDN,246,90.21,buy
ZQRX,850,100.33,sell
MTLP,514,95.36,sell
PLOM,533,104.35,buy
KVDN,968,106.31,sell
KVDN,606,98.85,sell
ZQRX,509,91.04,buy
MTLP,576,94.59,buy
KVDN,276,100.63,buy
MTLP,513,82.66,buy
ZQRX,289,104.44,sell
MTLP,204,97.35,buy
WBYZ,539,103.03,buy
WBYZ,133,99.66,buy
ZQRX,966,95.15,sell
KVDN,605,90.73,sell
PLOM,58,89.77,buy
ZQRX,232,91.67,sell
ZQRX,838,94.85,sell
MTLP,389,101.13,sell
MTLP,238,100.78,buy
MTLP,423,99.3,buy
KVDN,816,93.71,buy
PLOM,568,100.07,buy
ZQRX,823,94.12,buy
ZQRX,183,100.98,sell
WBYZ,498,91.78,buy
KVDN,317,110.33,sell
KVDN,931,101.94,sell
WBYZ,311,90.91,buy
PLOM,120,104.46,sell
ZQRX,714,100.12,buy
ZQRX,485,98.73,buy
ZQRX,182,108.81,sell
ZQRX,975,96.89,buy
KVDN,118,97.12,buy
ZQRX,822,98.98,sell
MTLP,990,101.38,sell
WBYZ,437,105.19,sell
WBYZ,948,98.4,sell
ZQRX,991,101.18,sell
ZQRX,998,102.5,buy
ZQRX,653,101.25,buy
ZQRX,595,98.75,sell
ZQRX,483,93.25,buy
KVDN,135,104.09,buy
ZQRX,413,95.3,sell
KVDN,89,100.82,buy
WBYZ,659,99.17,sell
ZQRX,822,97.64,sell
WBYZ,508,107.4,sell
ZQRX,333,100.53,sell
PLOM,96,93.13,buy
KVDN,69,100.56,sell
WBYZ,863,98.01,buy
KVDN,851,101.54,sell
WBYZ,810,104.5,buy
MTLP,895,109.38,buy
WBYZ,613,93.2,sell
KVDN,802,104.31,buy
KVDN,421,103.33,buy
ZQRX,193,96.97,buy
ZQRX,726,99.11,sell
MTLP,503,103.46,buy
MTLP,608,104.83,sell
KVDN,11,93.04,buy
KVDN,368,99.27,sell
ZQRX,708,94.03,buy
ZQRX,377,92.82,sell
PLOM,703,99.85,buy
ZQRX,784,111.26,sell
MTLP,243,105.96,sell
WBYZ,984,105.35,buy
ZQRX,693,103.58,sell
KVDN,861,96.91,buy
MTLP,826,96.95,buy
KVDN,719,99.73,sell
ZQRX,413,102.47,buy
ZQRX,561,106.98,sell
MTLP,207,96.97,buy
ZQRX,593,93.72,sell
KVDN,20,96.92,sell
ZQRX,965,103.02,buy
ZQRX,864,100.07,sell
MTLP,831,100.44,buy
MTLP,826,103.58,sell
MTLP,713,99.95,sell
WBYZ,505,105.24,buy
MTLP,897,93.7,buy
WBYZ,612,94.74,buy
KVDN,283,101.28,sell
ZQRX,87,98.04,buy
ZQRX,864,100.81,sell
ZQRX,376,93.14,sell
MTLP,887,96.21,sell
ZQRX,147,95.97,sell
MTLP,23,98.17,buy
ZQRX,537,100.52,sell
ZQRX,628,105.57,buy
ZQRX,141,101.02,sell
ZQRX,239,97.19,sell
KVDN,793,103.54,buy
MTLP,889,104.67,sell
PLOM,617,98.29,buy
WBYZ,938,103.08,buy
WBYZ,276,99.68,sell
WBYZ,108,96.2,buy
ZQRX,154,93.54,sell
KVDN,590,99.71,sell
ZQRX,213,100.15,buy
PLOM,912,111.44,sell
PLOM,300,98.1,sell
PLOM,431,100.43,buy
ZQRX,523,95.39,sell
KVDN,187,101.31,sell
PLOM,166,93.34,buy
KVDN,470,106.43,buy
ZQRX,514,96.1,buy
ZQRX,436,101.1,sell
ZQRX,873,91.99,buy
ZQRX,874,96.04,buy
ZQRX,389,97.07,buy
PLOM,143,99.44,sell
ZQRX,52,99.41,buy
ZQRX,349,98.8,buy
WBYZ,228,97.74,sell
ZQRX,672,101.07,sell
ZQRX,170,98.02,sell
WBYZ,794,98.36,buy
WBYZ,332,103.41,sell
ZQRX,37,103.64,buy
MTLP,152,91.59,sell
MTLP,459,102.86,buy
PLOM,866,96.88,sell
MTLP,347,103.29,buy
ZQRX,668,96.21,buy
KVDN,778,104.1,buy
MTLP,541,101.28,buy
ZQRX,62,98.39,buy
MTLP,297,101.88,buy
ZQRX,668,96.5,buy
ZQRX,142,91.58,sell
KVDN,570,93.42,sell
WBYZ,550,99.6,buy
KVDN,69,96.0,sell
KVDN,142,98.28,sell
KVDN,425,108.39,buy
MTLP,45,103.08,sell
KVDN,525,96.16,buy
PLOM,57,108.05,buy
ZQRX,555,99.69,buy
MTLP,887,92.38,sell
PLOM,613,94.79,sell
KVDN,441,105.26,sell
ZQRX,774,94.69,sell
KVDN,990,101.94,buy
MTLP,341,99.53,buy
WBYZ,157,101.08,buy
MTLP,745,102.18,sell
MTLP,970,97.28,sell
ZQRX,508,105.88,sell
MTLP,624,103.37,buy
WBYZ,389,104.38,buy
ZQRX,963,105.09,buy
KVDN,736,98.62,buy
ZQRX,512,98.48,buy
PLOM,992,96.51,sell
WBYZ,914,105.25,buy
ZQRX,343,105.06,sell
MTLP,13,108.41,sell
KVDN,402,105.03,buy
ZQRX,782,89.9,buy
KVDN,145,103.94,sell
WBYZ,719,97.78,buy
ZQRX,312,104.55,sell
KVDN,721,98.78,sell
KVDN,675,101.58,buy
ZQRX,360,100.56,buy
WBYZ,14,107.71,buy
ZQRX,722,102.67,buy
WBYZ,587,104.97,sell
WBYZ,325,91.59,buy
KVDN,101,105.35,buy
KVDN,279,98.28,buy
WBYZ,394,90.86,buy
WBYZ,860,111.89,sell
MTLP,558,96.36,sell
MTLP,838,103.8,buy
ZQRX,38,96.23,sell
PLOM,263,109.94,buy
MTLP,240,103.89,sell
MTLP,757,99.36,sell
WBYZ,523,97.76,sell
ZQRX,865,100.78,sell
ZQRX,301,96.82,buy
ZQRX,614,101.45,sell
MTLP,56,103.72,buy
KVDN,108,88.98,buy
MTLP,708,98.25,sell
MTLP,834,100.76,sell
ZQRX,499,99.71,buy
KVDN,941,105.15,buy
WBYZ,49,94.34,sell
MTLP,930,101.3,sell
MTLP,303,100.54,buy
PLOM,167,106.83,buy
KVDN,681,97.53,buy
ZQRX,971,104.02,sell
MTLP,902,106.27,buy
MTLP,171,110.19,buy
ZQRX,653,102.88,sell
ZQRX,165,101.25,sell
ZQRX,749,101.66,sell
ZQRX,247,102.23,sell
MTLP,692,104.22,buy
PLOM,686,101.9,sell
ZQRX,330,97.11,buy
ZQRX,31,101.55,sell
PLOM,489,89.32,buy
KVDN,850,100.62,sell
WBYZ,296,99.57,sell
KVDN,784,103.01,sell
WBYZ,507,97.69,sell
KVDN,980,106.66,sell
MTLP,193,93.24,buy
ZQRX,480,101.29,sell
ZQRX,453,95.28,sell
WBYZ,111,96.92,buy
MTLP,24,97.93,buy
KVDN,915,105.36,sell
KVDN,804,102.14,buy
ZQRX,526,107.09,buy
KVDN,777,97.74,sell
WBYZ,911,100.18,buy
ZQRX,652,105.16,buy
MTLP,159,94.73,buy
ZQRX,839,103.63,buy
PLOM,345,99.18,sell
MTLP,493,96.5,buy
PLOM,180,103.81,sell
PLOM,122,94.62,buy
MTLP,270,94.32,sell
WBYZ,195,92.86,sell
PLOM,564,98.39,buy
ZQRX,789,106.35,sell
MTLP,461,97.7,buy
MTLP,723,100.74,buy
PLOM,113,94.16,sell
MTLP,352,91.84,buy
PLOM,805,98.88,sell
ZQRX,67,101.52,sell
MTLP,894,100.3,sell
KVDN,728,100.39,sell
KVDN,906,102.91,sell
KVDN,504,101.12,buy
ZQRX,13,98.36,buy
PLOM,540,95.35,sell
MTLP,384,101.19,buy
MTLP,849,89.3,buy
WBYZ,577,106.22,sell
WBYZ,441,91.91,buy
MTLP,958,107.14,buy
MTLP,458,102.16,sell
KVDN,782,97.95,buy
PLOM,542,103.95,sell
ZQRX,647,97.68,sell
WBYZ,206,103.08,buy
ZQRX,157,95.22,buy
KVDN,51,100.41,sell
PLOM,445,100.88,sell
MTLP,666,99.38,buy
MTLP,632,93.77,buy
PLOM,444,110.62,sell
ZQRX,598,107.45,sell
ZQRX,270,102.55,buy
PLOM,535,103.29,sell
WBYZ,919,95.67,sell
ZQRX,321,102.92,sell
KVDN,178,108.15,buy
PLOM,788,107.04,sell
KVDN,395,97.34,buy
PLOM,298,108.79,buy
ZQRX,506,100.19,buy
KVDN,237,98.69,buy
WBYZ,271,98.36,sell
KVDN,134,96.68,buy
MTLP,604,97.0,buy
WBYZ,702,99.6,buy
MTLP,347,90.57,sell
KVDN,374,98.69,sell
KVDN,527,104.56,sell
ZQRX,353,109.64,buy
MTLP,699,103.68,sell
PLOM,886,102.59,buy
KVDN,781,106.03,sell
KVDN,296,98.06,buy
ZQRX,68,103.12,buy
ZQRX,983,106.47,buy
WBYZ,251,89.34,buy
ZQRX,682,106.1,sell
MTLP,174,100.76,buy
PLOM,827,95.45,sell
ZQRX,644,94.77,buy
KVDN,47,103.91,sell
ZQRX,838,109.1,sell
ZQRX,693,100.5,buy
MTLP,162,100.26,buy
ZQRX,427,100.36,sell
MTLP,204,106.0,buy
ZQRX,80,104.92,sell
ZQRX,983,100.49,buy
WBYZ,257,100.66,buy
ZQRX,579,98.52,buy
MTLP,132,92.43,sell
KVDN,672,102.59,buy
KVDN,287,100.56,sell
MTLP,797,104.24,buy
WBYZ,497,93.41,buy
ZQRX,698,100.59,buy
WBYZ,438,100.45,sell
ZQRX,562,105.52,sell
KVDN,685,99.68,sell
KVDN,694,106.67,sell
ZQRX,760,102.22,buy
ZQRX,843,90.54,sell
ZQRX,348,92.69,buy
ZQRX,186,92.6,buy
PLOM,829,101.22,buy
MTLP,707,104.37,buy
PLOM,91,97.21,buy
ZQRX,369,98.0,sell
ZQRX,897,105.01,buy
ZQRX,360,94.74,buy
KVDN,461,109.93,sell
ZQRX,252,99.69,buy
KVDN,26,95.47,buy
KVDN,47,100.73,buy
KVDN,757,109.72,buy
ZQRX,601,102.63,sell
MTLP,813,99.15,sell
ZQRX,779,96.83,buy
WBYZ,115,95.66,buy
KVDN,290,94.12,sell
WBYZ,834,109.19,sell
ZQRX,71,99.78,sell
ZQRX,309,98.94,buy
ZQRX,195,96.67,buy
ZQRX,993,101.98,sell
ZQRX,99,106.18,sell
PLOM,921,104.59,buy
MTLP,711,106.16,buy
KVDN,285,96.21,sell
WBYZ,976,108.53,buy
ZQRX,668,109.99,buy
MTLP,671,104.58,sell
PLOM,998,94.95,buy
ZQRX,17,91.89,buy
MTLP,906,92.84,buy
KVDN,31,105.68,sell
ZQRX,271,99.56,buy
ZQRX,835,95.66,sell
MTLP,936,94.23,sell
ZQRX,168,101.05,sell
ZQRX,921,107.88,buy
MTLP,256,101.03,buy
ZQRX,400,93.98,sell
WBYZ,74,109.63,sell
ZQRX,603,100.2,buy
MTLP,388,109.39,buy
PLOM,893,94.25,buy
ZQRX,731,96.66,buy
KVDN,654,102.76,sell
KVDN,642,101.52,buy
MTLP,906,101.17,sell
WBYZ,598,101.32,buy
ZQRX,562,91.16,buy
WBYZ,556,103.6,sell
KVDN,541,105.68,sell
WBYZ,20,101.74,buy
WBYZ,725,99.53,buy
KVDN,793,107.83,buy
WBYZ,441,96.88,sell
ZQRX,179,99.42,buy
ZQRX,701,95.74,sell
MTLP,299,99.93,buy
ZQRX,667,97.56,buy
WBYZ,226,97.05,buy
ZQRX,641,95.69,sell
WBYZ,127,101.4,buy
MTLP,166,101.68,buy
KVDN,561,102.68,sell
KVDN,480,95.72,buy
MTLP,971,97.64,sell
ZQRX,453,93.54,buy
MTLP,621,104.32,sell
WBYZ,195,111.41,sell
PLOM,127,110.07,sell
KVDN,233,99.1,sell
PLOM,667,105.69,buy
ZQRX,747,107.99,sell
MTLP,245,95.02,sell
PLOM,275,100.79,sell
ZQRX,749,101.28,sell
KVDN,168,105.21,buy
ZQRX,374,99.03,sell
PLOM,404,96.58,buy
KVDN,925,97.36,buy
ZQRX,41,93.07,sell
KVDN,608,95.27,sell
ZQRX,490,99.13,buy
ZQRX,750,97.29,buy
ZQRX,992,105.89,sell
PLOM,588,97.86,buy
ZQRX,14,101.22,sell
MTLP,82,87.67,sell
ZQRX,889,100.68,buy
WBYZ,657,92.74,sell
PLOM,521,95.77,sell
WBYZ,55,107.21,sell
ZQRX,18,94.59,buy
WBYZ,551,95.36,buy
PLOM,233,93.48,buy
KVDN,229,103.71,sell
MTLP,351,99.64,sell
WBYZ,494,105.88,sell
PLOM,440,92.87,sell
MTLP,170,96.03,sell
ZQRX,419,95.27,buy
WBYZ,733,100.35,buy
ZQRX,410,98.82,sell
MTLP,590,98.48,buy
ZQRX,384,94.2,sell
ZQRX,443,94.01,sell
ZQRX,643,97.92,buy
PLOM,894,104.46,buy
ZQRX,647,100.67,sell
KVDN,674,90.96,buy
KVDN,627,104.68,buy
ZQRX,86,90.24,sell
WBYZ,95,102.1,buy
PLOM,789,95.15,buy
ZQRX,411,94.41,buy
KVDN,491,105.69,sell
MTLP,192,92.36,sell
KVDN,600,95.44,buy
MTLP,139,96.51,buy
KVDN,984,99.73,sell
ZQRX,447,95.69,sell
ZQRX,316,100.93,buy
ZQRX,185,96.95,buy
KVDN,415,96.86,sell
ZQRX,926,104.03,buy
PLOM,970,99.22,sell
ZQRX,87,95.77,sell
ZQRX,717,107.72,sell
WBYZ,791,103.33,sell
MTLP,408,99.51,sell
ZQRX,555,98.37,sell
KVDN,506,104.63,buy
ZQRX,851,104.93,buy
MTLP,695,100.08,sell
ZQRX,377,107.97,sell
PLOM,969,102.7,sell
WBYZ,901,96.69,sell
WBYZ,125,96.73,buy
KVDN,990,98.17,buy
ZQRX,542,97.03,sell
KVDN,102,115.61,sell
MTLP,950,107.24,buy
WBYZ,773,100.4,sell
ZQRX,372,103.1,buy
ZQRX,891,102.83,buy
KVDN,452,98.96,sell
PLOM,99,95.84,sell
MTLP,816,97.54,buy
KVDN,321,100.25,sell
PLOM,726,96.54,buy
ZQRX,665,99.98,buy
ZQRX,292,108.85,buy
MTLP,208,99.39,sell
ZQRX,490,102.51,buy
KVDN,873,112.14,buy
ZQRX,696,99.46,buy
KVDN,90,88.35,sell
MTLP,850,102.19,sell
ZQRX,489,97.39,buy
KVDN,698,98.03,sell
WBYZ,722,91.51,buy
ZQRX,104,103.61,buy
ZQRX,600,101.29,buy
ZQRX,678,98.29,sell
WBYZ,925,89.28,sell
ZQRX,764,100.62,buy
MTLP,986,97.06,buy
WBYZ,667,101.61,sell
MTLP,131,107.65,sell
ZQRX,567,100.7,buy
PLOM,22,90.79,sell
WBYZ,44,97.76,buy
ZQRX,737,101.21,sell
PLOM,741,100.73,buy
KVDN,229,103.94,buy
WBYZ,543,100.24,sell
MTLP,905,102.84,buy
ZQRX,490,102.49,sell
KVDN,467,107.84,buy
MTLP,423,92.27,buy
ZQRX,33,107.43,sell
ZQRX,973,98.04,buy
ZQRX,984,92.91,buy
PLOM,769,102.26,sell
ZQRX,203,98.75,buy
ZQRX,983,88.8,buy
WBYZ,510,91.76,buy
PLOM,728,98.96,sell
WBYZ,983,98.23,sell
WBYZ,133,104.01,sell
MTLP,742,103.06,buy
WBYZ,797,99.31,sell
ZQRX,290,99.27,buy
KVDN,466,94.46,buy
WBYZ,13,94.82,buy
ZQRX,611,93.42,sell
WBYZ,591,97.5,sell
KVDN,101,100.12,buy
KVDN,183,102.5,buy
KVDN,786,108.18,buy
MTLP,66,97.57,sell
MTLP,88,103.7,sell
WBYZ,835,103.39,buy
PLOM,224,87.34,buy
MTLP,241,104.16,sell
ZQRX,441,94.87,sell
MTLP,281,102.04,buy
KVDN,995,102.5,buy
WBYZ,258,103.83,buy
KVDN,424,96.72,buy
ZQRX,155,100.02,buy
ZQRX,251,89.88,buy
ZQRX,911,103.7,buy
ZQRX,972,101.8,sell
ZQRX,668,97.22,buy
WBYZ,405,101.23,buy
KVDN,37,98.91,sell
WBYZ,626,96.62,sell
MTLP,168,99.9,buy
MTLP,911,93.84,sell
WBYZ,423,109.0,buy
WBYZ,160,107.37,buy
WBYZ,338,98.87,sell
WBYZ,229,94.19,buy
ZQRX,895,95.04,sell
ZQRX,499,104.65,buy
WBYZ,351,102.6,buy
MTLP,442,96.5,sell
WBYZ,355,91.74,sell
ZQRX,970,94.05,buy
ZQRX,691,103.06,buy
ZQRX,686,106.18,buy
ZQRX,499,93.64,buy
KVDN,476,90.93,buy
MTLP,919,100.52,buy
ZQRX,601,101.94,buy
ZQRX,911,106.82,sell
MTLP,997,96.49,buy
PLOM,431,98.01,sell
PLOM,733,101.15,buy
WBYZ,70,103.7,sell
ZQRX,118,99.03,buy
KVDN,757,103.27,buy
ZQRX,240,89.63,buy
ZQRX,13,108.9,sell
PLOM,416,93.77,buy
MTLP,666,98.8,sell
WBYZ,830,100.84,sell
KVDN,88,96.36,sell
PLOM,341,105.54,buy
ZQRX,317,108.29,buy
KVDN,925,108.53,sell
MTLP,674,97.68,sell
KVDN,407,95.29,buy
ZQRX,503,88.52,buy
PLOM,273,94.22,sell
WBYZ,194,99.94,sell
ZQRX,729,97.94,buy
KVDN,682,95.29,buy
KVDN,253,99.42,buy
PLOM,366,101.96,buy
KVDN,640,102.27,buy
MTLP,866,106.25,buy
ZQRX,996,98.8,sell
ZQRX,237,91.01,buy
MTLP,631,97.76,buy
ZQRX,345,91.88,buy
ZQRX,172,96.88,buy
MTLP,280,99.44,sell
KVDN,152,94.78,buy
PLOM,14,107.68,sell
WBYZ,684,97.74,buy
ZQRX,264,98.07,buy
ZQRX,134,97.91,sell
ZQRX,791,104.59,buy
WBYZ,355,99.42,buy
MTLP,205,97.3,sell
WBYZ,576,108.29,buy
ZQRX,12,109.31,buy
MTLP,860,101.03,buy
MTLP,733,100.18,sell
MTLP,350,94.18,buy
MTLP,754,99.74,buy
KVDN,912,91.78,sell
ZQRX,734,99.96,buy
MTLP,122,94.4,sell
KVDN,214,93.08,buy
ZQRX,338,103.0,sell
PLOM,668,100.09,buy
MTLP,128,93.38,buy
PLOM,62,95.57,sell
MTLP,476,95.43,buy
KVDN,910,102.3,sell
MTLP,605,96.65,buy
KVDN,588,90.17,sell
WBYZ,28,110.72,sell
PLOM,858,101.08,buy
KVDN,435,104.01,buy
MTLP,442,98.97,sell
ZQRX,348,106.85,sell
MTLP,227,99.94,buy
KVDN,898,98.07,buy
WBYZ,855,91.97,buy
MTLP,791,103.68,buy
ZQRX,187,96.52,sell
MTLP,662,98.92,buy
ZQRX,296,98.82,sell
WBYZ,683,90.96,buy
PLOM,930,91.11,buy
MTLP,661,95.18,buy
MTLP,278,98.93,buy
PLOM,942,99.94,buy
KVDN,808,91.34,sell
KVDN,408,107.17,sell
ZQRX,173,99.74,sell
ZQRX,766,90.16,sell
ZQRX,422,95.8,sell
KVDN,868,103.92,buy
ZQRX,479,107.76,buy
ZQRX,285,98.53,buy
MTLP,436,104.07,buy
ZQRX,146,98.15,buy
KVDN,27,99.28,sell
ZQRX,899,97.51,sell
ZQRX,376,96.99,buy
WBYZ,211,103.72,sell
KVDN,522,105.52,buy
MTLP,280,98.16,sell
KVDN,977,99.01,sell
KVDN,942,105.77,buy
ZQRX,344,94.72,buy
KVDN,345,94.63,buy
ZQRX,311,93.85,sell
ZQRX,51,109.86,sell
PLOM,965,97.38,buy
PLOM,53,95.64,buy
ZQRX,206,104.3,sell
MTLP,253,107.23,sell
ZQRX,475,98.52,sell
PLOM,284,93.81,buy
WBYZ,452,103.3,sell
KVDN,351,99.95,buy
MTLP,225,97.68,sell
ZQRX,702,97.26,buy
MTLP,909,96.31,buy
MTLP,526,106.15,buy
ZQRX,135,96.98,sell
PLOM,631,102.75,sell
WBYZ,207,97.01,buy
KVDN,601,98.06,buy
ZQRX,741,100.8,sell
KVDN,811,97.16,sell
MTLP,973,106.64,sell
ZQRX,419,103.45,sell
MTLP,341,96.48,buy
PLOM,622,108.08,sell
MTLP,482,96.88,buy
PLOM,741,103.95,buy
WBYZ,135,94.29,sell
ZQRX,279,103.66,sell
MTLP,534,106.45,sell
WBYZ,409,101.52,sell
KVDN,610,95.51,buy
WBYZ,352,106.18,sell
WBYZ,989,91.39,buy
ZQRX,150,96.86,buy
ZQRX,41,100.23,buy
MTLP,392,90.76,sell
ZQRX,253,111.89,sell
ZQRX,743,102.49,sell
MTLP,132,91.81,buy
ZQRX,980,104.44,buy
MTLP,213,108.28,buy
ZQRX,28,101.82,sell
ZQRX,136,96.34,sell
KVDN,470,106.61,buy
WBYZ,316,109.68,buy
ZQRX,864,109.66,buy
MTLP,734,100.58,sell
MTLP,601,100.05,buy
ZQRX,438,104.97,sell
KVDN,906,91.72,sell
ZQRX,266,92.05,sell
MTLP,390,92.93,sell
KVDN,192,110.85,sell
MTLP,879,101.33,buy
MTLP,991,89.03,sell
ZQRX,34,105.56,sell
MTLP,285,104.51,buy
KVDN,268,100.8,sell
MTLP,831,105.35,buy
WBYZ,388,97.38,buy
ZQRX,969,100.63,buy
WBYZ,693,98.89,sell
WBYZ,390,97.74,buy
KVDN,75,101.98,buy
ZQRX,475,110.62,buy
WBYZ,391,94.53,buy
ZQRX,53,87.14,buy
MTLP,593,92.91,buy
ZQRX,641,95.07,sell
MTLP,57,92.5,sell
KVDN,873,98.7,buy
WBYZ,314,98.72,sell
WBYZ,848,97.8,sell
KVDN,284,92.12,buy
KVDN,417,92.05,buy
PLOM,479,101.21,buy
WBYZ,697,101.89,sell
KVDN,664,99.46,buy
PLOM,845,98.83,sell
ZQRX,585,102.2,sell
KVDN,136,102.89,buy
MTLP,593,107.21,buy
PLOM,431,104.8,buy
KVDN,409,94.29,buy
ZQRX,739,98.87,buy
KVDN,994,100.1,buy
MTLP,529,98.06,buy
KVDN,546,101.5,sell
ZQRX,570,97.7,sell
WBYZ,609,95.21,buy
WBYZ,925,102.98,sell
KVDN,92,102.0,sell
MTLP,591,103.11,buy
MTLP,740,98.6,buy
ZQRX,74,105.84,sell
KVDN,920,96.55,sell
ZQRX,388,97.13,buy
ZQRX,589,93.41,buy
KVDN,189,101.25,buy
PLOM,540,103.43,buy
MTLP,158,104.48,buy
ZQRX,522,99.63,buy
WBYZ,83,101.25,buy
WBYZ,100,107.73,buy
KVDN,587,109.59,sell
ZQRX,192,109.18,buy
WBYZ,514,106.25,sell
MTLP,444,98.85,buy
KVDN,546,98.65,buy
ZQRX,501,97.77,buy
ZQRX,850,88.25,sell
KVDN,820,103.36,buy
MTLP,27,101.31,sell
WBYZ,650,91.91,sell
ZQRX,787,106.68,sell
ZQRX,624,101.18,sell
KVDN,580,98.03,sell
ZQRX,766,99.11,sell
ZQRX,876,96.58,buy
KVDN,408,95.78,sell
KVDN,964,96.88,sell
ZQRX,614,109.6,sell
WBYZ,873,97.63,buy
WBYZ,472,114.92,buy
KVDN,945,94.38,buy
MTLP,640,92.74,buy
MTLP,527,98.74,buy
MTLP,111,104.48,buy
KVDN,350,96.31,buy
WBYZ,215,102.66,buy
MTLP,358,90.41,sell
ZQRX,790,102.43,sell
MTLP,475,98.35,sell
ZQRX,11,102.21,buy
PLOM,755,100.0,buy
MTLP,52,103.35,sell
MTLP,134,98.67,buy
MTLP,401,96.37,buy
ZQRX,758,104.01,sell
ZQRX,209,94.75,sell
ZQRX,761,100.28,buy
WBYZ,287,93.99,sell
PLOM,57,110.6,sell
KVDN,671,102.93,sell
WBYZ,950,100.4,buy
PLOM,295,100.25,buy
KVDN,480,106.4,buy
WBYZ,202,105.66,buy
MTLP,35,94.69,sell
ZQRX,493,101.74,buy
KVDN,201,95.27,sell
PLOM,793,98.61,sell
WBYZ,77,98.06,sell
WBYZ,380,97.83,sell
ZQRX,205,98.75,sell
MTLP,301,107.53,sell
ZQRX,74,97.71,sell
WBYZ,431,100.95,sell
MTLP,190,95.52,sell
MTLP,812,107.51,buy
PLOM,528,95.33,buy
WBYZ,253,104.57,sell
MTLP,754,98.2,buy
MTLP,316,108.1,sell
ZQRX,98,103.96,sell
ZQRX,255,102.79,buy
ZQRX,791,95.7,sell
MTLP,42,95.29,sell
ZQRX,355,94.65,sell
MTLP,767,103.29,sell
KVDN,255,98.61,buy
KVDN,144,101.35,buy
ZQRX,976,98.22,sell
MTLP,781,98.19,sell
ZQRX,621,107.11,buy
WBYZ,90,100.19,buy
ZQRX,288,98.38,buy
KVDN,366,98.33,buy
ZQRX,338,105.96,sell
MTLP,711,102.16,sell
KVDN,273,88.7,sell
MTLP,596,91.33,buy
KVDN,118,98.19,buy
KVDN,931,105.74,buy
KVDN,623,97.69,buy
WBYZ,890,99.15,sell
WBYZ,421,102.45,buy
MTLP,14,98.44,sell
ZQRX,338,101.45,buy
KVDN,436,95.23,sell
WBYZ,139,92.09,buy
KVDN,627,102.84,sell
WBYZ,110,97.53,sell
ZQRX,225,98.9,sell
PLOM,326,101.01,sell
MTLP,215,102.4,buy
KVDN,263,90.42,buy
WBYZ,840,102.93,sell
KVDN,241,96.07,buy
KVDN,604,93.18,sell
ZQRX,146,99.28,sell
MTLP,822,101.26,sell
WBYZ,761,106.12,sell
PLOM,576,98.05,sell
WBYZ,50,101.18,buy
MTLP,879,88.8,sell
KVDN,457,106.31,buy
WBYZ,70,105.01,sell
MTLP,807,110.17,buy
KVDN,108,99.54,buy
ZQRX,904,98.32,buy
KVDN,945,99.45,sell
PLOM,626,102.12,sell
ZQRX,178,98.58,buy
MTLP,835,108.8,buy
MTLP,387,97.51,sell
PLOM,298,93.33,sell
ZQRX,355,95.29,sell
ZQRX,511,93.95,sell
ZQRX,608,93.57,buy
KVDN,867,101.98,buy
ZQRX,253,100.63,buy
PLOM,719,99.91,buy
MTLP,680,100.46,sell
WBYZ,320,90.85,sell
MTLP,193,106.51,buy
WBYZ,718,96.19,buy
PLOM,473,95.62,buy
MTLP,765,98.33,buy
MTLP,931,102.13,sell
PLOM,899,98.68,sell
ZQRX,278,99.63,buy
KVDN,210,102.0,buy
MTLP,762,100.18,buy
MTLP,523,99.72,buy
MTLP,857,104.24,sell
ZQRX,79,95.06,sell
ZQRX,663,102.2,sell
KVDN,118,101.7,buy
KVDN,23,106.67,sell
KVDN,74,107.05,buy
MTLP,814,98.18,buy
PLOM,203,106.6,buy
ZQRX,198,108.1,sell
MTLP,717,99.9,buy
ZQRX,809,99.67,buy
PLOM,261,97.77,sell
WBYZ,17,107.06,buy
ZQRX,902,102.48,buy
PLOM,451,104.32,buy
MTLP,729,97.14,buy
MTLP,882,103.1,sell
MTLP,950,94.9,buy
ZQRX,382,108.94,buy
ZQRX,118,100.7,buy
MTLP,749,100.0,buy
MTLP,913,103.61,buy
MTLP,447,102.32,sell
MTLP,315,102.39,buy
MTLP,190,100.96,buy
KVDN,981,101.01,sell
PLOM,441,95.63,sell
KVDN,593,93.69,buy
ZQRX,642,101.13,buy
PLOM,984,101.3,buy
ZQRX,502,99.82,buy
MTLP,951,108.08,sell
ZQRX,859,99.42,sell
ZQRX,995,106.84,buy
WBYZ,351,102.68,buy
MTLP,985,108.4,sell
KVDN,762,102.19,buy
ZQRX,312,106.79,sell
ZQRX,427,99.4,buy
KVDN,383,102.1,sell
PLOM,841,98.22,buy
ZQRX,672,99.05,sell
ZQRX,661,91.35,buy
KVDN,360,100.98,sell
ZQRX,565,104.71,buy
ZQRX,676,93.54,buy
ZQRX,162,105.47,sell
KVDN,907,98.82,sell
MTLP,74,98.67,sell
PLOM,648,100.77,sell
KVDN,624,97.96,sell
PLOM,954,94.43,buy
PLOM,481,100.99,buy
WBYZ,994,99.26,buy
ZQRX,483,100.23,buy
ZQRX,270,99.22,sell
PLOM,202,96.29,buy
ZQRX,182,96.71,sell
WBYZ,735,97.86,buy
KVDN,734,90.91,sell
KVDN,174,94.6,buy
KVDN,869,95.99,buy
KVDN,311,103.31,buy
KVDN,794,96.23,buy
ZQRX,464,96.53,buy
MTLP,901,94.35,buy
MTLP,1000,95.57,buy
PLOM,932,102.04,buy
KVDN,736,98.8,buy
KVDN,211,95.93,buy
MTLP,938,101.1,buy
MTLP,456,100.34,buy
KVDN,532,96.2,sell
MTLP,457,93.94,buy
KVDN,794,98.74,buy
ZQRX,230,105.01,buy
PLOM,362,98.66,buy
MTLP,766,94.86,sell
WBYZ,178,99.84,buy
KVDN,652,101.6,sell
MTLP,998,96.89,buy
WBYZ,596,100.78,sell
WBYZ,811,93.39,buy
MTLP,969,103.45,sell
PLOM,337,103.78,buy
KVDN,434,103.3,buy
ZQRX,21,95.64,sell
ZQRX,626,106.1,buy
ZQRX,351,103.34,buy
MTLP,335,102.99,sell
MTLP,511,99.92,sell
ZQRX,735,96.83,buy
KVDN,784,100.7,sell
WBYZ,47,100.54,buy
ZQRX,236,96.62,buy
PLOM,313,101.26,sell
PLOM,694,93.56,buy
KVDN,73,101.33,buy
ZQRX,346,99.98,buy
PLOM,652,106.32,buy
MTLP,479,88.88,sell
ZQRX,296,99.58,sell
PLOM,498,98.35,buy
MTLP,326,99.14,buy
KVDN,241,97.83,buy
MTLP,359,109.33,buy
MTLP,730,100.8,sell
ZQRX,819,95.71,sell
ZQRX,661,100.32,buy
ZQRX,776,91.82,sell
MTLP,765,98.27,buy
MTLP,71,93.62,buy
MTLP,223,101.17,sell
KVDN,643,103.52,sell
MTLP,87,101.63,buy
ZQRX,175,98.47,buy
MTLP,46,93.34,sell
MTLP,160,107.44,buy
MTLP,960,93.48,buy
MTLP,263,95.93,sell
KVDN,209,98.41,sell
MTLP,900,105.12,sell
ZQRX,329,110.23,buy
WBYZ,924,107.28,sell
ZQRX,326,95.03,sell
ZQRX,903,109.75,sell
MTLP,281,94.42,buy
WBYZ,236,88.0,buy
WBYZ,94,97.21,buy
MTLP,503,91.8,buy
MTLP,667,104.68,buy
KVDN,993,106.49,buy
MTLP,249,92.43,sell
MTLP,140,100.93,sell
MTLP,855,93.99,buy
KVDN,636,95.77,sell
ZQRX,355,99.84,sell
MTLP,369,101.64,buy
MTLP,898,102.75,sell
WBYZ,84,97.69,buy
ZQRX,703,97.52,sell
PLOM,201,104.11,sell
ZQRX,862,96.01,buy
ZQRX,501,105.34,buy
ZQRX,621,104.54,sell
PLOM,424,98.24,buy
ZQRX,716,96.37,buy
WBYZ,441,98.84,sell
MTLP,31,106.56,buy
PLOM,644,93.14,buy
ZQRX,295,93.21,buy
MTLP,251,106.81,buy
WBYZ,467,104.28,sell
ZQRX,437,91.25,buy
MTLP,334,102.67,buy
ZQRX,550,96.89,sell
KVDN,771,101.84,buy
MTLP,459,93.98,buy
ZQRX,95,98.16,sell
KVDN,539,97.57,buy
WBYZ,924,105.14,sell
PLOM,793,99.17,buy
PLOM,476,96.95,sell
MTLP,614,107.12,buy
PLOM,116,99.93,sell
KVDN,481,101.98,buy
MTLP,622,100.27,sell
ZQRX,148,95.74,sell
ZQRX,474,92.98,buy
WBYZ,748,90.92,buy
KVDN,922,104.97,buy
MTLP,846,102.39,buy
WBYZ,205,102.34,buy
MTLP,363,97.02,buy
ZQRX,79,110.39,buy
KVDN,599,94.51,buy
ZQRX,616,95.04,sell
ZQRX,539,98.39,sell
PLOM,198,100.31,sell
KVDN,197,105.24,sell
ZQRX,29,101.31,buy
ZQRX,360,104.28,buy
KVDN,660,103.84,buy
KVDN,801,99.24,sell
PLOM,836,98.41,sell
MTLP,241,91.53,sell
KVDN,34,97.52,buy
WBYZ,471,92.54,sell
WBYZ,818,96.27,buy
PLOM,427,108.68,sell
PLOM,551,98.8,buy
MTLP,696,105.14,buy
PLOM,482,96.95,sell
ZQRX,154,100.98,sell
MTLP,957,99.11,buy
ZQRX,694,99.23,sell
KVDN,618,104.89,buy
MTLP,184,102.81,buy
PLOM,479,90.46,buy
MTLP,20,99.86,buy
MTLP,850,99.15,sell
ZQRX,194,99.63,sell
WBYZ,216,91.08,sell
ZQRX,49,99.15,buy
MTLP,904,100.52,sell
MTLP,803,92.97,buy
KVDN,360,93.67,sell
ZQRX,603,98.52,buy
ZQRX,303,98.1,buy
MTLP,250,92.95,buy
WBYZ,445,107.37,buy
MTLP,983,99.92,buy
PLOM,425,108.68,sell
MTLP,389,103.67,buy
MTLP,55,99.05,sell
KVDN,140,103.75,sell
PLOM,963,103.37,buy
KVDN,704,99.17,buy
KVDN,686,101.21,sell
ZQRX,156,94.48,buy
MTLP,676,93.3,buy
MTLP,391,96.09,sell
ZQRX,673,102.69,buy
ZQRX,291,103.09,sell
ZQRX,89,90.65,buy
ZQRX,187,99.65,buy
WBYZ,600,92.33,sell
ZQRX,317,98.61,buy
KVDN,947,99.79,sell
KVDN,583,99.9,sell
KVDN,897,96.66,sell
MTLP,60,102.03,sell
KVDN,88,109.5,sell
KVDN,998,97.84,sell
ZQRX,997,101.97,buy
MTLP,981,89.15,buy
KVDN,449,100.39,sell
MTLP,253,98.93,buy
MTLP,800,101.13,sell
WBYZ,603,92.58,sell
ZQRX,75,101.21,sell
ZQRX,205,97.07,sell
KVDN,214,92.65,sell
PLOM,263,102.02,sell
KVDN,500,87.0,sell
KVDN,345,94.08,buy
ZQRX,963,103.01,sell
KVDN,134,94.34,buy
ZQRX,428,107.81,sell
WBYZ,508,107.08,sell
ZQRX,903,96.03,buy
ZQRX,657,95.75,sell
MTLP,150,95.8,buy
ZQRX,459,93.92,buy
KVDN,526,92.68,sell
WBYZ,743,103.07,buy
MTLP,356,99.57,sell
MTLP,643,97.88,sell
MTLP,272,107.55,buy
KVDN,299,96.26,buy
ZQRX,554,97.75,buy
KVDN,502,101.44,buy
ZQRX,461,104.95,buy
ZQRX,407,101.31,buy
KVDN,12,105.25,buy
WBYZ,429,101.74,buy
MTLP,320,99.36,sell
MTLP,700,103.81,buy
ZQRX,284,98.04,sell
KVDN,426,106.52,sell
WBYZ,360,100.2,sell
WBYZ,50,98.84,sell
MTLP,630,95.74,sell
KVDN,246,102.63,sell
ZQRX,785,107.22,sell
ZQRX,440,88.77,buy
KVDN,922,95.96,sell
ZQRX,666,100.79,sell
ZQRX,969,97.86,buy
WBYZ,29,95.89,buy
KVDN,169,101.01,sell
PLOM,421,98.49,buy
ZQRX,960,95.78,buy
KVDN,125,101.95,buy
KVDN,686,102.56,buy
ZQRX,623,105.25,sell
KVDN,842,95.97,sell
MTLP,651,103.19,buy
ZQRX,862,107.47,buy
WBYZ,209,92.62,buy
ZQRX,138,101.07,buy
KVDN,582,102.06,buy
WBYZ,887,101.24,sell
ZQRX,854,101.87,buy
ZQRX,428,102.46,buy
WBYZ,177,95.74,buy
ZQRX,576,101.68,buy
ZQRX,332,96.5,buy
ZQRX,549,95.51,buy
ZQRX,454,106.54,buy
MTLP,905,111.25,sell
KVDN,353,106.16,buy
WBYZ,355,99.81,sell
ZQRX,285,101.87,buy
WBYZ,453,98.58,buy
MTLP,652,99.29,buy
ZQRX,839,104.36,buy
ZQRX,869,108.45,buy
KVDN,620,101.33,buy
PLOM,539,113.34,buy
MTLP,480,94.79,buy
ZQRX,217,94.82,sell
MTLP,223,101.35,buy
ZQRX,911,100.16,sell
MTLP,548,102.7,buy
ZQRX,75,103.28,buy
WBYZ,340,93.2,sell
MTLP,409,105.49,buy
MTLP,496,101.76,sell
PLOM,296,103.65,sell
ZQRX,107,99.9,buy
KVDN,77,104.31,buy
MTLP,330,99.26,buy
ZQRX,940,105.95,buy
WBYZ,750,93.44,sell
MTLP,231,104.11,sell
KVDN,986,103.33,buy
ZQRX,683,100.1,sell
MTLP,119,97.72,buy
ZQRX,966,97.93,sell
ZQRX,860,103.73,buy
MTLP,833,102.57,sell
MTLP,974,93.8,buy
KVDN,666,101.14,sell
KVDN,760,98.49,sell
PLOM,113,105.81,buy
ZQRX,350,98.38,sell
MTLP,98,97.96,buy
WBYZ,369,95.44,sell
ZQRX,611,91.75,buy
ZQRX,31,95.02,sell
KVDN,676,95.19,buy
MTLP,238,93.26,buy
ZQRX,976,100.91,sell
PLOM,322,109.39,buy
MTLP,813,102.18,sell
KVDN,387,101.65,buy
KVDN,315,105.04,sell
PLOM,23,107.8,sell
MTLP,558,103.11,sell
MTLP,45,97.85,buy
PLOM,864,103.26,buy
WBYZ,800,92.81,buy
ZQRX,566,101.11,buy
ZQRX,807,101.75,sell
WBYZ,627,100.31,sell
MTLP,860,104.1,sell
ZQRX,712,94.54,sell
WBYZ,354,102.06,sell
ZQRX,735,97.1,sell
MTLP,703,98.28,sell
ZQRX,900,100.27,sell
KVDN,474,100.33,sell
MTLP,496,103.74,buy
ZQRX,21,97.12,buy
MTLP,754,100.13,buy
KVDN,945,105.03,buy
KVDN,704,104.72,buy
MTLP,57,96.72,sell
MTLP,500,96.93,buy
ZQRX,370,103.64,sell
KVDN,662,102.02,sell
KVDN,302,96.04,buy
ZQRX,483,103.19,sell
WBYZ,499,107.11,sell
PLOM,356,106.48,sell
ZQRX,618,83.4,buy
KVDN,204,93.63,sell
WBYZ,150,98.42,buy
PLOM,866,100.14,buy
KVDN,193,98.16,buy
ZQRX,392,101.69,buy
ZQRX,288,100.84,sell
WBYZ,869,114.38,buy
KVDN,675,93.39,buy
MTLP,773,95.75,sell
ZQRX,14,105.7,sell
KVDN,474,96.1,buy
KVDN,169,98.15,sell
MTLP,237,104.93,buy
ZQRX,380,101.95,buy
KVDN,677,101.25,sell
PLOM,100,98.74,sell
KVDN,229,94.88,buy
ZQRX,863,97.96,sell
ZQRX,678,99.01,sell
WBYZ,867,100.32,sell
WBYZ,223,105.47,sell
ZQRX,921,102.99,buy
KVDN,484,108.03,buy
KVDN,925,94.8,sell
PLOM,376,95.46,sell
WBYZ,407,100.82,buy
ZQRX,321,99.63,sell
MTLP,833,101.52,buy
ZQRX,475,99.86,buy
MTLP,344,101.24,buy
ZQRX,855,97.34,buy
ZQRX,398,107.44,buy
WBYZ,906,93.97,buy
ZQRX,546,95.51,buy
MTLP,184,98.35,sell
MTLP,249,90.2,sell
WBYZ,232,101.55,buy
ZQRX,378,95.44,sell
MTLP,259,104.24,buy
WBYZ,963,101.33,buy
ZQRX,658,103.57,sell
PLOM,746,99.9,sell
PLOM,385,105.21,sell
KVDN,843,109.78,sell
PLOM,519,97.14,buy
MTLP,532,96.78,buy
MTLP,52,95.77,sell
ZQRX,875,95.19,sell
KVDN,1000,102.16,sell
KVDN,943,101.46,sell
MTLP,210,93.69,buy
ZQRX,219,97.49,buy
MTLP,577,104.34,sell
KVDN,645,96.41,sell
ZQRX,78,101.15,buy
MTLP,922,98.98,buy
WBYZ,376,95.97,sell
MTLP,565,101.46,buy
WBYZ,727,92.87,buy
WBYZ,53,98.8,sell
ZQRX,865,101.94,sell
KVDN,193,101.68,buy
MTLP,827,103.25,sell
MTLP,406,91.73,buy
WBYZ,959,96.21,buy
MTLP,939,94.22,buy
WBYZ,485,107.82,buy
PLOM,628,96.14,buy
KVDN,568,107.98,buy
KVDN,358,107.5,sell
ZQRX,217,100.32,sell
ZQRX,542,105.64,sell
ZQRX,322,105.61,buy
WBYZ,801,93.99,sell
MTLP,157,100.27,buy
ZQRX,625,101.01,sell
MTLP,751,94.46,sell
WBYZ,715,102.49,buy
PLOM,144,98.34,sell
WBYZ,826,91.71,buy
KVDN,649,102.63,sell
MTLP,315,90.87,sell
ZQRX,703,110.55,buy
MTLP,893,102.21,sell
MTLP,882,97.4,buy
KVDN,617,101.89,buy
ZQRX,166,97.97,buy
ZQRX,355,87.38,sell
WBYZ,724,94.27,buy
KVDN,994,100.96,buy
PLOM,430,97.72,buy
WBYZ,336,104.88,buy
ZQRX,234,103.9,sell
ZQRX,153,108.94,sell
MTLP,444,101.85,sell
MTLP,828,99.71,sell
ZQRX,484,97.5,sell
WBYZ,873,104.02,buy
PLOM,850,96.18,sell
KVDN,574,98.48,buy
KVDN,433,97.72,sell
MTLP,507,97.41,buy
KVDN,565,92.16,buy
ZQRX,212,104.69,sell
ZQRX,421,95.92,buy
MTLP,402,91.46,buy
ZQRX,600,100.91,sell
PLOM,874,96.21,buy
MTLP,888,94.51,buy
MTLP,942,97.64,buy
WBYZ,83,96.93,sell
PLOM,629,106.46,buy
KVDN,483,99.24,sell
PLOM,519,97.69,buy
KVDN,555,91.03,sell
ZQRX,83,107.09,buy
MTLP,336,104.75,sell
ZQRX,779,95.93,buy
ZQRX,916,100.63,buy
WBYZ,600,101.64,buy
ZQRX,994,108.05,sell
PLOM,309,97.37,buy
MTLP,303,96.52,sell
MTLP,192,94.85,sell
ZQRX,70,104.16,sell
ZQRX,41,112.0,buy
WBYZ,532,106.4,buy
MTLP,713,90.04,sell
MTLP,374,93.82,sell
WBYZ,705,90.61,buy
WBYZ,916,97.67,sell
KVDN,866,108.92,buy
MTLP,831,95.11,sell
WBYZ,181,95.88,sell
PLOM,454,97.0,buy
ZQRX,604,98.04,sell
ZQRX,727,97.9,buy
ZQRX,394,99.02,buy
MTLP,857,101.5,buy
KVDN,624,100.35,buy
PLOM,635,107.92,buy
KVDN,443,112.6,buy
ZQRX,385,104.56,sell
ZQRX,533,105.03,sell
WBYZ,516,102.17,buy
KVDN,983,101.88,sell
MTLP,766,99.84,buy
ZQRX,705,94.76,sell
ZQRX,48,98.31,buy
ZQRX,563,98.5,buy
PLOM,303,100.39,buy
KVDN,797,104.21,sell
MTLP,68,102.19,sell
PLOM,183,99.59,sell
WBYZ,684,100.13,sell
KVDN,473,97.49,sell
PLOM,351,99.52,sell
MTLP,359,101.52,sell
KVDN,198,96.13,buy
ZQRX,264,107.95,buy
MTLP,810,97.54,buy
ZQRX,420,98.51,buy
PLOM,606,96.49,sell
ZQRX,667,99.46,buy
ZQRX,132,90.4,sell
ZQRX,524,104.95,buy
MTLP,563,101.42,sell
ZQRX,285,104.23,buy
ZQRX,359,97.86,buy
PLOM,749,95.7,buy
WBYZ,996,93.07,sell
ZQRX,403,95.36,buy
MTLP,189,97.14,sell
ZQRX,430,98.87,sell
MTLP,117,92.97,buy
MTLP,351,99.51,buy
MTLP,442,101.39,sell
PLOM,342,98.88,sell
PLOM,156,102.1,buy
WBYZ,900,98.48,buy
PLOM,764,98.56,sell
ZQRX,563,108.27,buy
MTLP,867,100.05,sell
ZQRX,176,89.05,buy
MTLP,351,102.52,sell
ZQRX,787,104.23,sell
MTLP,229,99.79,sell
MTLP,881,100.64,sell
ZQRX,735,102.21,sell
WBYZ,107,93.76,sell
MTLP,207,100.0,buy
MTLP,254,99.51,buy
ZQRX,427,100.7,sell
MTLP,438,100.5,buy
KVDN,496,105.38,buy
PLOM,28,106.2,sell
ZQRX,810,93.62,buy
MTLP,609,100.55,sell
MTLP,74,108.54,sell
MTLP,258,103.79,buy
PLOM,947,89.72,buy
WBYZ,864,102.1,buy
KVDN,132,95.9,sell
KVDN,678,95.56,buy
PLOM,864,95.77,buy
KVDN,334,101.15,buy
MTLP,831,106.18,buy
ZQRX,960,100.98,buy
KVDN,118,92.82,sell
MTLP,643,100.2,sell
ZQRX,266,102.35,buy
ZQRX,36,99.4,sell
KVDN,631,109.28,sell
WBYZ,833,95.86,sell
WBYZ,760,106.95,sell
ZQRX,430,102.47,buy
ZQRX,311,97.25,buy
PLOM,920,102.82,buy
PLOM,357,101.66,sell
WBYZ,841,103.81,sell
MTLP,684,101.71,sell
MTLP,389,94.37,sell
MTLP,521,104.36,sell
KVDN,209,97.32,sell
PLOM,945,96.18,buy
KVDN,727,105.87,buy
MTLP,607,95.11,buy
ZQRX,735,89.49,buy
PLOM,386,108.41,buy
MTLP,667,101.87,buy
PLOM,87,98.87,buy
PLOM,164,102.98,buy
MTLP,62,103.85,sell
MTLP,596,92.32,sell
WBYZ,594,106.3,sell
MTLP,965,96.37,buy
KVDN,588,99.3,buy
PLOM,614,100.52,buy
ZQRX,846,103.54,buy
ZQRX,556,106.94,sell
WBYZ,470,96.07,buy
ZQRX,988,111.77,buy
PLOM,954,99.7,buy
WBYZ,91,90.59,buy
WBYZ,658,103.63,buy
ZQRX,550,97.69,buy
ZQRX,502,102.38,sell
PLOM,102,101.2,sell
PLOM,371,99.46,buy
ZQRX,425,102.65,sell
KVDN,20,104.5,buy
MTLP,227,92.58,sell
ZQRX,70,96.84,sell
ZQRX,645,99.34,buy
PLOM,486,102.32,sell
KVDN,14,93.92,sell
PLOM,939,96.97,sell
MTLP,946,97.89,buy
KVDN,782,98.36,buy
MTLP,380,101.96,buy
KVDN,145,95.58,buy
WBYZ,395,93.12,buy
ZQRX,636,94.8,sell
ZQRX,651,99.61,buy
PLOM,47,103.13,buy
WBYZ,428,102.63,sell
MTLP,583,96.56,buy
PLOM,389,103.77,sell
MTLP,112,102.52,sell
KVDN,646,104.17,sell
MTLP,931,96.35,sell
ZQRX,673,93.66,sell
KVDN,289,104.17,sell
WBYZ,883,105.14,buy
KVDN,138,103.54,sell
ZQRX,619,95.21,buy
ZQRX,411,105.23,buy
MTLP,379,96.6,buy
MTLP,214,103.53,buy
WBYZ,608,96.68,sell
MTLP,953,103.84,buy
ZQRX,589,106.4,sell
PLOM,261,100.33,sell
MTLP,970,101.45,buy
KVDN,337,105.7,sell
PLOM,692,102.5,sell
ZQRX,402,97.18,buy
KVDN,231,108.84,sell
KVDN,259,94.12,buy
PLOM,227,93.51,sell
ZQRX,304,108.65,sell
WBYZ,367,108.37,sell
KVDN,349,100.03,sell
ZQRX,113,104.66,buy
MTLP,970,101.68,buy
ZQRX,23,103.29,buy
ZQRX,387,106.93,sell
ZQRX,141,93.74,buy
MTLP,703,106.43,buy
KVDN,61,96.09,sell
WBYZ,66,97.77,sell
PLOM,282,104.21,sell
ZQRX,209,95.66,buy
ZQRX,368,91.88,sell
ZQRX,37,103.57,sell
PLOM,931,102.52,sell
ZQRX,204,96.09,buy
WBYZ,483,104.71,buy
KVDN,481,91.3,sell
ZQRX,267,97.71,sell
ZQRX,456,87.83,buy
KVDN,557,107.79,buy
ZQRX,808,110.73,buy
KVDN,409,99.7,sell
ZQRX,667,92.46,sell
WBYZ,312,102.91,buy
MTLP,412,100.46,buy
MTLP,347,97.97,buy
ZQRX,87,93.95,sell
PLOM,92,96.42,buy
ZQRX,153,97.59,buy
MTLP,386,98.55,sell
MTLP,530,102.09,sell
MTLP,215,98.09,sell
ZQRX,914,102.27,buy
KVDN,946,100.63,sell
WBYZ,608,95.56,buy
ZQRX,219,91.69,sell
ZQRX,81,102.26,buy
KVDN,486,99.12,buy
ZQRX,443,108.99,buy
KVDN,132,98.26,buy
ZQRX,819,102.58,buy
PLOM,902,100.1,buy
ZQRX,81,103.32,buy
WBYZ,831,97.37,sell
MTLP,516,100.54,buy
ZQRX,150,90.6,buy
MTLP,585,101.01,buy
KVDN,912,100.02,sell
KVDN,694,104.82,buy
PLOM,668,95.26,buy
KVDN,34,89.37,buy
MTLP,176,99.43,buy
ZQRX,706,108.15,buy
MTLP,980,94.41,buy
MTLP,227,99.48,sell
ZQRX,373,103.03,sell
ZQRX,896,88.9,buy
ZQRX,768,92.59,sell
MTLP,689,101.64,sell
KVDN,521,108.8,buy
ZQRX,291,97.35,buy
KVDN,852,93.41,buy
MTLP,56,100.34,sell
KVDN,428,99.36,buy
ZQRX,276,92.78,buy
KVDN,449,105.78,buy
MTLP,201,105.59,buy
MTLP,658,101.58,sell
PLOM,39,102.14,buy
ZQRX,622,96.36,buy
WBYZ,505,106.19,buy
WBYZ,431,89.8,buy
ZQRX,252,103.18,buy
ZQRX,577,96.11,buy
KVDN,763,100.28,sell
KVDN,614,98.09,sell
MTLP,396,95.88,buy
ZQRX,88,102.75,buy
PLOM,240,102.7,buy
KVDN,845,98.52,sell
ZQRX,505,101.9,buy
ZQRX,840,101.19,buy
PLOM,124,101.62,sell
ZQRX,334,102.93,sell
MTLP,976,101.51,buy
ZQRX,404,106.9,sell
WBYZ,279,102.02,buy
ZQRX,677,104.85,sell
ZQRX,562,98.96,buy
WBYZ,471,101.05,buy
ZQRX,567,100.55,buy
MTLP,455,96.01,buy
ZQRX,525,101.23,buy
ZQRX,389,93.95,sell
KVDN,595,99.52,buy
MTLP,491,99.14,sell
ZQRX,339,100.73,buy
MTLP,668,100.44,sell
ZQRX,280,98.85,buy
PLOM,583,106.36,sell
MTLP,264,98.32,buy
MTLP,711,95.89,buy
WBYZ,662,100.73,sell
KVDN,83,96.75,sell
KVDN,372,96.25,buy
ZQRX,582,99.02,buy
ZQRX,980,92.43,sell
KVDN,786,98.52,sell
PLOM,974,106.77,buy
KVDN,649,100.69,sell
ZQRX,830,97.59,buy
WBYZ,32,98.46,buy
MTLP,422,103.4,sell
MTLP,889,95.76,sell
MTLP,978,96.21,buy
WBYZ,466,94.26,sell
KVDN,32,102.63,sell
MTLP,73,95.97,sell
PLOM,395,103.09,buy
PLOM,420,94.39,sell
PLOM,487,114.66,buy
MTLP,522,107.96,sell
KVDN,259,104.92,buy
ZQRX,278,96.72,sell
WBYZ,654,94.78,sell
WBYZ,131,100.38,buy
MTLP,445,95.13,sell
MTLP,504,102.18,buy
MTLP,284,103.48,buy
MTLP,511,107.07,buy
MTLP,882,99.8,sell
KVDN,960,101.39,buy
KVDN,236,100.08,sell
ZQRX,549,102.22,buy
ZQRX,38,98.09,buy
ZQRX,447,102.91,sell
MTLP,845,105.68,buy
WBYZ,920,104.24,buy
WBYZ,939,99.65,buy
MTLP,466,95.48,buy
MTLP,48,96.12,buy
ZQRX,862,96.82,buy
MTLP,343,95.56,sell
PLOM,147,95.04,sell
PLOM,21,103.03,buy
ZQRX,832,96.79,buy
MTLP,724,103.13,buy
MTLP,619,103.48,buy
MTLP,439,104.98,buy
MTLP,26,105.02,buy
KVDN,526,102.34,buy
MTLP,540,106.76,sell
MTLP,993,99.46,sell
ZQRX,287,88.4,buy
MTLP,637,105.34,buy
KVDN,882,101.13,sell
ZQRX,630,93.83,buy
MTLP,575,101.64,buy
MTLP,197,99.87,buy
WBYZ,563,106.02,buy
ZQRX,460,102.69,sell
MTLP,772,96.86,buy
PLOM,386,100.95,sell
PLOM,317,95.94,buy
ZQRX,945,112.19,buy
WBYZ,630,93.57,buy
PLOM,656,94.26,buy
KVDN,697,103.46,sell
WBYZ,92,98.63,buy
MTLP,754,106.77,sell
ZQRX,501,102.76,buy
PLOM,580,106.29,sell
ZQRX,664,98.96,sell
KVDN,269,104.03,sell
ZQRX,851,113.72,buy
ZQRX,603,105.72,sell
MTLP,415,97.76,sell
WBYZ,145,98.59,buy
ZQRX,167,85.77,sell
MTLP,585,91.18,buy
WBYZ,351,99.06,sell
WBYZ,739,101.96,sell
PLOM,106,102.6,sell
ZQRX,781,92.33,buy
PLOM,772,97.78,buy
ZQRX,15,99.37,sell
MTLP,82,108.98,sell
ZQRX,56,100.86,sell
MTLP,218,110.58,sell
MTLP,886,101.96,buy
WBYZ,191,103.26,buy
KVDN,489,102.03,sell
PLOM,561,90.17,buy
WBYZ,300,92.36,sell
ZQRX,553,94.42,sell
MTLP,695,110.06,sell
WBYZ,390,97.26,sell
MTLP,723,93.9,sell
KVDN,541,90.83,buy
KVDN,555,89.48,buy
KVDN,540,100.13,buy
ZQRX,790,110.04,buy
KVDN,806,89.58,sell
MTLP,797,96.0,buy
ZQRX,754,95.77,buy
MTLP,283,105.65,sell
KVDN,877,94.96,buy
ZQRX,400,92.75,buy
KVDN,783,107.72,buy
ZQRX,256,107.93,sell
KVDN,685,99.62,buy
WBYZ,903,96.87,sell
KVDN,590,97.6,sell
WBYZ,419,100.26,buy
ZQRX,997,101.49,buy
KVDN,655,108.25,buy
PLOM,285,105.53,sell
MTLP,719,109.52,buy
KVDN,158,101.33,buy
ZQRX,721,97.8,buy
KVDN,448,99.45,sell
KVDN,779,101.39,sell
MTLP,583,100.49,sell
KVDN,699,93.24,sell
MTLP,304,99.66,sell
ZQRX,267,89.26,buy
ZQRX,696,95.53,sell
MTLP,578,104.49,buy
MTLP,821,99.48,buy
ZQRX,197,104.5,buy
KVDN,423,101.59,sell
WBYZ,106,99.59,buy
KVDN,380,101.17,buy
KVDN,248,99.46,sell
ZQRX,196,94.56,sell
PLOM,775,101.6,buy
MTLP,48,102.97,sell
MTLP,117,103.56,buy
MTLP,448,97.55,sell
KVDN,854,85.85,buy
KVDN,481,101.56,sell
ZQRX,223,98.24,buy
MTLP,24,99.02,buy
WBYZ,110,97.96,sell
MTLP,530,105.16,buy
ZQRX,885,101.07,sell
WBYZ,731,96.38,sell
PLOM,368,101.59,buy
WBYZ,529,98.92,buy
MTLP,896,101.92,buy
ZQRX,226,94.71,sell
ZQRX,209,100.62,buy
WBYZ,186,105.42,sell
ZQRX,69,105.63,sell
ZQRX,894,94.63,buy
WBYZ,89,98.87,buy
MTLP,112,107.21,buy
KVDN,814,102.46,buy
KVDN,482,92.21,buy
KVDN,327,114.74,sell
WBYZ,10,98.19,sell
PLOM,631,94.7,buy
ZQRX,344,97.26,sell
MTLP,63,101.49,sell
MTLP,11,97.52,sell
KVDN,192,101.47,buy
MTLP,898,110.79,buy
ZQRX,751,96.29,buy
MTLP,206,95.24,sell
WBYZ,227,98.06,sell
KVDN,519,98.73,sell
ZQRX,95,100.31,sell
MTLP,808,96.16,sell
WBYZ,989,90.96,buy
ZQRX,549,95.1,buy
WBYZ,704,99.02,sell
WBYZ,184,98.1,sell
MTLP,467,95.91,buy
MTLP,168,94.88,sell
WBYZ,977,92.97,sell
ZQRX,79,96.63,buy
MTLP,990,105.47,buy
ZQRX,937,97.67,sell
MTLP,507,91.08,sell
MTLP,583,104.23,sell
WBYZ,726,107.17,sell
MTLP,146,107.73,sell
KVDN,321,104.41,sell
MTLP,218,93.29,buy
KVDN,342,97.54,sell
ZQRX,626,102.6,buy
WBYZ,740,105.03,sell
ZQRX,623,104.19,sell
KVDN,198,95.05,sell
WBYZ,306,98.09,sell
KVDN,60,103.04,sell
ZQRX,623,93.36,buy
MTLP,13,106.82,buy
WBYZ,32,105.68,sell
ZQRX,89,99.0,buy
ZQRX,305,96.22,buy
PLOM,998,98.35,buy
PLOM,240,102.94,sell
ZQRX,612,97.79,sell
MTLP,236,108.03,sell
ZQRX,513,93.88,buy
ZQRX,780,97.48,sell
ZQRX,508,98.82,buy
ZQRX,887,92.09,buy
ZQRX,58,94.75,sell
MTLP,461,98.47,sell
ZQRX,325,97.6,buy
KVDN,905,94.4,buy
KVDN,186,95.1,buy
MTLP,415,98.6,buy
MTLP,878,88.09,buy
KVDN,693,110.13,buy
MTLP,158,101.86,sell
MTLP,886,103.22,sell
PLOM,681,114.27,sell
MTLP,318,100.79,sell
ZQRX,319,94.33,buy
ZQRX,974,104.97,buy
MTLP,559,98.06,buy
ZQRX,722,106.6,buy
KVDN,767,104.05,sell
ZQRX,134,104.79,sell
KVDN,40,102.22,sell
MTLP,982,90.68,buy
ZQRX,260,103.56,sell
PLOM,739,106.23,sell
MTLP,643,104.11,sell
ZQRX,749,92.24,sell
KVDN,981,94.86,sell
MTLP,52,107.66,buy
WBYZ,806,101.18,buy
WBYZ,165,101.08,sell
MTLP,411,94.06,buy
ZQRX,634,96.84,sell
KVDN,886,101.89,sell
MTLP,552,102.98,buy
ZQRX,597,99.95,buy
MTLP,645,106.94,buy
WBYZ,865,108.06,buy
WBYZ,297,98.01,buy
PLOM,388,102.39,sell
ZQRX,422,93.76,buy
KVDN,511,101.3,sell
PLOM,752,99.0,buy
ZQRX,25,99.23,buy
PLOM,285,93.8,sell
MTLP,57,102.78,buy
MTLP,190,103.8,sell
ZQRX,826,92.54,buy
ZQRX,847,89.81,sell
ZQRX,694,112.75,buy
ZQRX,699,104.28,sell
ZQRX,267,101.57,sell
KVDN,326,96.68,buy
KVDN,19,103.74,buy
PLOM,883,101.3,sell
KVDN,536,102.05,sell
MTLP,291,101.65,buy
ZQRX,39,96.21,sell
KVDN,71,107.39,sell
ZQRX,574,94.95,buy
KVDN,928,93.45,sell
PLOM,818,98.77,buy
MTLP,956,98.6,buy
ZQRX,149,103.66,buy
MTLP,988,102.91,buy
KVDN,154,89.64,sell
KVDN,849,97.61,buy
PLOM,820,115.41,buy
KVDN,590,97.53,buy
WBYZ,391,106.08,buy
MTLP,388,106.12,buy
KVDN,371,102.98,buy
WBYZ,739,101.66,buy
MTLP,857,105.2,sell
WBYZ,201,96.26,sell
ZQRX,336,100.95,buy
MTLP,589,103.74,buy
PLOM,625,100.67,sell
PLOM,630,102.3,buy
ZQRX,251,105.92,sell
ZQRX,285,95.17,buy
PLOM,668,101.67,buy
ZQRX,788,101.1,buy
MTLP,862,105.53,buy
WBYZ,403,101.84,buy
KVDN,26,97.47,buy
ZQRX,71,96.61,sell
KVDN,271,95.24,sell
